texto,nombre,probabilidad_mujer_hispanohablante
mz.cee.x,ğŸ‘‘ Charli,100
baileyss_and_cream,Sasha Bailey,100
kren.1792,karen,100
giselledowell,Giselle Dowell,100
tomoyababe0409,Claire Chen,100
sabz.32,Sabrine,100
wonder___777,Wonder_lusts,100
life_is_but_a_dream_illusions,Peta Grace,100
violet_powerz,unknown pleasures,100
katdesign_melbourne,KATDESIGN,100
chinotechniques_kali,Chino Technique,100
indianalarriera,Indiana Larriera,100
yunanabean,Y u n a h,100
misslilydakota,L I L Y D A K O T A,100
jac_lindsay,Jacqui Lindsay,100
charlotterobertsmusic,Charlotte Roberts,100
bianca.rus12,Bianca,100
katdeedance,Kat,100
bysarahnoack,Sarah Noack,100
crystals.lavenderhaze,Crystal Gale ğŸ‹ | Lavender Haze ğŸ’œ,100
tiffany_fitness93,Tiffany McCauley,100
heatherballard12,Heather Ballard,100
itsgigibtch_,G I G I ğŸ’,100
natpo.le,Natasha,100
whatnowjess_,Jess,100
jane.xof,Jane Fox,100
caitlynholmesaerials,Caitlyn Holmes ğŸ“¸,100
cat__yas,âœ¨Y A S âœ¨,100
shebarbie_,LÃ©a Henderson,100
cheley_bryant,Bryant cheley,100
lacy.aj23,Aj Lacy,100
dilley_cole,Cole dilley,100
laurasworld61,Laura,100
ms_jmo_,Jay Nikki,100
faygoone,Faygo One,100
mussonssss,Sofia Mussons,100
sunshinelollipops74,Sunshine Lollipops,100
vickygaimaro,Victoria ğŸŒ™,100
topurooo,enox,100
ballerina.1989,Ballerina ğŸ©°,100
wandamylove01,sin_nombre,100
cassielouanne,Cassie Owens,100
jamiemozeltov,Jamie Mozeltov,100
monique_baas89,Monique,100
g.i.n.g.e.r.b.u.t.t.s,Ginger Butts,100
maigenscarlet,Maigen Scarlet,100
cherrycupkek,Xoxz,100
_kim_s15,Kim Samios,100
breezypug,Breezypug â¤ï¸ğŸ’‹,100
manda.tripp,Mandy Tripp,100
frishman.anna,Anna frishman,100
mirel_beby,Roj Mir,100
daydream_believer_19,Georgi,100
day_1_with_ana,Anna Feltes,100
sageonheels,Sage â‰½^â€¢ Ë• â€¢ à¾€à½²â‰¼,100
alideli5905,Ali Deli,100
lalii_.25_,sin_nombre,100
alline.777,twt,100
kilo_charlie3196,Charliek,100
annemenhart,Anne Menhart,100
dionsharp5,Dion Sharp,100
heartmindwellness,Sara Gibson,100
jimmy_brega,Jimmy_brega,100
williamdavis948382858584,williamdavis,100
lisa.bb__,Lisa,100
jademdunn,Jadey Baby,100
juliagulia83,Julia Jones Laird,100
juleclair,Julie Leclair,100
moomilau,Lauren Moore,100
michypiton,Michelle Piton,100
tabbithha_,Tabitha Page,100
ladygohgoh,Emily,100
funky_powell,Funky Powell,100
bruxadaraba,Lara Barcelos,100
ash.gro0ves,âœ¨AshleyğŸ«§,100
jallardyce,Jessica Allardyce,100
snehaseth,Sneha Seth,100
laster.josh,Josh Laster,100
jenfein_youlivetotravel,Jennifer Fein,98
white_angel_x3,ğ“¥ğ“²ğ“¬ğ“½ğ“¸ğ“»ğ“²ğ“ª ğ“•ğ“µÄ…ğ“­ğ“»ğ“¸,98
erinlindwall,Erin Lindwall,98
sdfitness_amyd,Amy Dawson,98
gabbykaruna,Gabbykaruna,98
dallasdadiva911,Dallas Diva,98
isterlin1,Ser,98
pilardelacruzf43984,Pilar De La Cruz Fernandez,98
claremccannofficial,Clare McCann,98
core_with_jillian,Jillian,98
eve.china.ok,Eve China,98
girlswitthmuscles_v2,Girls with muscles (First account hacked),98
foodliebe24,andreea soerelli,98
claudiabeitz,Claudia Beitz,98
gabyromomunoz,Gabriela Romo MuÃ±oz,97
itsmehannie_,Annie Oxley,95
krystalyn6026,Krystalyn Glaciers,95
nat_phoenix,Natalie Baghdassarian,95
danim2468,Danielle Moore,95
alexandravuela,AlexandrağŸŒ™,95
sugasweets.aj,Aaliyah-Jayde Bardot,95
faithweidenbaum,Faithee Lee,95
jillbaee,Jilla Bee,95
chloegaristo,Chloe Garisto,95
clar.isseee,Clar Isse,95
laugatica.gt,Laura Gatica â¤ï¸â€ğŸ”¥,95
amy_rita,Amy Rita,95
samat1996.30,sin_nombre,95
badgergurrl,Anna,95
rochelle_beatty,Rochelle Beatty,95
jennifer_sweetbum,Jennifer Sweetbum,95
clarisre,Clarissa in Dubai â¤ï¸,95
faithagu83,Faith agu,95
adami.yasmin,Yasmin Adami,95
maddiscosmeticclinique,Maddi's Cosmetic Clinique,95
ellie.treffiletti,El,95
clee5387,Christy Lee,95
karla.asesoraeducativa,Karla Anicama,95
cherrycontor,Cherry Contorsion,92
zanikab,Zanika Breed,92
lenajeangoeswalkabout,Lena-jean Ganley,92
lydialiu00210,Lydia,92
enviouswigs,Envious wigs,90
debbyvissenberg,Debby Vissenberg,90
juniperbluexo,Juniper Bluexo,90
ckatiuscac,â˜€ï¸CÃ¡tia CoelhoğŸŒ™âœ¨,90
mistress_kiity,Kitty Kamakaze,90
christie_ryder_,Christie,90
jgmelbourne,Yuliya Galeeva,90
katetranxoxo,Kate Tran âœ¨ğŸŒ¹,90
_tahliahanna,TahlÃ­a ScarboroughÃ¨,90
latuapersonaltrainer,Cheyenne â€¢ Personal trainer â€¢ Vegan ğŸŒ±,90
anointedessentialoilhead,Linde Jordan Logan,90
lies_ah,Eliza,90
jami.ecosta,Jamie Costa,90
fergusonbulldogs,Tiffany Lynn Ferguson,90
krornkrorntettey,Krornkrorn Tettey,90
drpufferfish,Dr Pufferfish,87
alichamorgan,Alicha Morgan Palmer,87
fify_shao,fify shao,87
newballerz_,Newballerz,87
lei.leilanii,Leilani Rose,87
mandieanderson92,sin_nombre,87
anika.twerkclass,TwerkClass concepciÃ³n,87
shreya_sitoula.19,shreya sitoula,87
eloujosephjr,Elou Joseph Jr.,87
maddy.cain,Maddy Cain,87
eml.x_,Emily Lamb,87
tinawang1203,Tina Wang,87
larisa.lauraa,Larisa Laura,87
fa.fa99,âœ fa fa âœ,87
kathryntherese29,Kathryn Gallego,87
cjferbas,Constanza Bas,87
holythecavalier,Holy,87
takishabsmith,Takisha Smith,87
jmml_92,Jacky Nekoufar,87
jazzyeliise,Jasmine Elise,87
ms_kirra_m,ğŸŒ»Kirra MastersğŸŒ»,87
dragonmidou,MÃ¬ÄÅ‘Å± DÅ¾ mÃµb,87
thomyrojoescarlata,Thomy Col,87
sf1768,ØµÙØ§Ø¡ Ø­Ø³ÙŠÙ†,87
thewrightchicka,Cris Wright,87
rjwinter71,sin_nombre,87
ismyfield_trip,Mariae Campos,87
tanhamalik657,Ø³Ø± Ù¾Ú¾Ø±Ø§,87
ohla_tries_pole,Oh La,87
ink.19,sin_nombre,87
raveg346,G R,87
daina34a,daina11,87
hannah20ft,Hanna Faubert,87
paradox.n5439,sin_nombre,87
shiraz_networkaus,Vanessa Grillo,87
shar.twrks,Shar,87
stellagonyi,Stella Gonyi,87
savedbythabel,Bel Verse,87
_influte_,alanamisakofan,87
nail.poleish,sin_nombre,87
styledbyroze,CANBERRA HAIRSTYLIST,87
mesay7007,mesay mesfin,87
bellathetruth707,izzyseeu,87
faki.eone,Deno,87
jiajourney2.0,Jia Lin,87
mummaspring,Tanya Spring,87
koray.4_,sin_nombre,87
sazlovell,Sarah Lovell,87
alexh.co,Alex Harvey | Feminine Business Coach,87
jacobfry32,Jacob Fry,87
freedomjb5,Jbfreedom,87
miriaamhere,MimiğŸŒ¹,87
yourr.weirdo,Erin Kali,85
kingxash_,Ash Elizabethâ™¡,85
venart3,Meg Arteaga,85
d.va__divine,D.Va Divine,80
jeroome_black7,Jerooome_black7,80
jojo_o4life,#1 JoJo Fan,80
youn_amez,Ninou Amez,80
lvrnofghtr,Appreciation4All,80
gracelesegomachaka,Grace Lesego Machaka,80
estel_tortosa_,EstelğŸ’–,80
dirk_diggz,Stephen Gutierrez,80
alanohey,A Lan O Hey Duh,80
foxnest2811,drfox,80
elociaram,ElociaRam,75
asaka59,sin_nombre,75
kefferley,Keffer CuÃ©llar Berrio,75
codebreaker524,sin_nombre,70
i.want.money.daliy,sin_nombre,70
andrebothajr,Andre Botha Jr,70
_laauracm_,Laura CM,70
thejuangomez,ï¼ªï½•ï½ï½ ï¼§ï½ï½ï½…ï½š,70
nerita53029,Sara Chero Rossel,70
ftdfl,sin_nombre,70
andreabutze,Andrea Butze,70
sbastiangraph,Sebastian Ph Beltran,70
cami.munozm,Camila MuÃ±oz Manquel,70
thesunshinespace.ftl,The Sunshine Space - Fort Lauderdale,70
da_vzm,sin_nombre,70
rayan.02010,sin_nombre,70
kenye.east.69420,Kenye East,70
geleeroyale,Honey ğŸ,70
vegancaticorn,Cat Race,70
flexerholics_tv,Everything booty flex,70
1317hh_,Jass,70
korojan6,KORO Jan,67
thisisarphatsara,Arphatsara Prapamonthon,67
twerk.angels,ğŸ‘ ğŸ’ƒ ğŸ‘,67
fulll1345,respect,60
ralee.g,Ralee G,60
luux_ney23,ğŸ§šâ€â™€ï¸ğŸ€,60
saidoubf,Saido Ubf,60
kikivaerua_metuatini,K.TIARE,60
r_c_iii,Robbie Cardenas III,60
victoria_hayzel,Ellednahs Notwen,50
rwill6651,Reco Williams,50
armin__e45,Armin Brilo,50
fauxjoshua_,sin_nombre,50
dani.eluribe1890,Daniel oribe,50
larbimarwen,Marwen Larbi,50
exklxm,Jett Kaplan,50
fion_jus04,Justin FionÃ¨,50
wa1990go,Wavy,50
huejazz69,sin_nombre,50
fannikereki,Kereki Fanni | Twerk & Dance,50
genev.ievegirard,sin_nombre,50
breathepoledanceacademy,Breathe Pole & Dance Academy,50
dviid_deeppsszz_19,Dyballa Ã„bÃ¤my,50
anon100070,Xclusive Cuntent,50
theevanitychains,Vanity Chains,50
ar.chie4345,Archie,50
fitwithnature300,FitWithNature,50
_legendofficial,LÃ‹GÃ‹ND,50
the_emergizer_bunny,EmJayy,50
anotherveganbeast,Elena BuildingHabits,50
ste.ven_h.ck,ğ”–ğ”±ğ”¢ğ”³ğ”¢ğ”«,50
joizrajo,Jor.dana,50
__stranger10__,sin_nombre,50
izjtd,ğ•µğ–†ğ–’ğ–Šğ–˜,50
beshsusbsjsi_,.,50
mother_smoke,Mother Smoke,50
my.seccond_account,sin_nombre,50
rivera_burgoz,Zarrita Isabel Zarita,50
sebamendez.22,Seba Mendez,50
miss_sinrose_95,miss sin rose,50
patrickreymcclintock,Patrick Rey mcclintock,50
fierceandflirtydance,Fierce & Flirty Dance,50
khalilfrmda8,Khalil scott ğŸ,50
sexualidad_sagrada_,Sexualidad_Sagrada ğŸ”® â™€ï¸â™‚ï¸,50
moein1232024,sin_nombre,50
terrelljarron2,Jarron Terrell,50
wheretfisniki,sin_nombre,50
lione4080,The Lione,50
hollyaalexia,Holly ğŸ¦‹,43
avstackz2,Avstackz,43
andrea1228_,Andrea Lopez,43
eviesfitzroy,Evies Disco Diner,43
beautyatelierwiola,Wioleta Jesionek,43
random_account.5432,sin_nombre,43
lo35_0b,sin_nombre,43
bretmartinez1,bret martinez,43
snaggytoaster,CY,43
_kylegatt__,Kylecleary,43
tilt_man_junior,Wayne Junior Markwick,43
menkejonathan03,Jonathan Menke,43
fit_sahar_,ÙØ±Ø´ØªÙ‡ Ø±Ù‚ØµØ§Ù†Ù…ğŸ’ƒ|Ù…Ø±Ø¨ÛŒ Ø®ØµÙˆØµÛŒ |Ø±Ù‚Øµ Ø¹Ø±ÙˆØ³|Ø§Ù†Ø¹Ø·Ø§Ù|ØªØ§Ù†Ú¯Ùˆ|Ø±ÛŒØªÙ… Ø¯Ø±Ù…Ø§Ù†ÛŒ |,40
sexyystonerr.8,sin_nombre,40
_und3r__y0ur._b3d_,Â¿remember me?,40
itis_kama,Kamwaitia,40
mariaj.s97,Maria Sanchez,40
difallaal,Difalla Al Blboosh,40
kriszta_vibes,Krisztina,40
stella.zolotushko,sin_nombre,40
ariitamuu,Araceli Mora,40
undisclosed3002,sin_nombre,40
kungenmowgli,David Mowgli BaeckstrÃ¶m,40
oracle_1_9_8_8,B_L_G,40
evantual,Evan Sebastian Strouss,40
gerardaj2000,G J R,33
heathybra601916,Braden Heath,33
mufaza2222,mufaza1980,25
david_baner_21,Tomyy dluk,25
bgtabgta12,ronaldo ferreira,25
mayahere5,Retno Damayanti,20
hansen.janus,Janus Hansen,20
qhalirenahanwe,Renahanwe Qhali,20
basilneely870,Kenneth Neely,12
andreasnon,andreas plioploumpis,5
just_4_fukk2,Tadinarte Ryuk,5
luckychanahlehlogonolo,Luckychanah Lehlogonolo,5
_pashaaa.666,ğ•»ğ–†ğ–˜ğ–ğ–†ğ–†,5
lovestolookatgirlstwerking,Texas,5
elpatocompatriota,Hola .,5
tayler.terrific,BLEW,5
waliid_onda,Walid,5
what000007,Profile,5
b00ty_hunter_,Booty Hunter,5
tiarence.morgan,tiarence Morgan,5
chris5601780,sin_nombre,3
heelswithintentions,heelswithintentions,0
dancyn.thia,Cynthia Marquet,0
fadilblythe15,fadil beng blythe,0
1curious_pops,xedth,0
tc121.0,Tom,0
marioguzman6014,Marioguzman Marioguzman,0
7kyerfaith,Michel Le Charo,0
bgfx647,sin_nombre,0
northy4dogsofwar,Northy4dogsofwar,0
souzajoaopaulofranciscode,JoÃ£o Paulo Souza,0
kingshitonly666,â˜ ï¸ğŸ‘‘Ø¹Ø¨Ø§Ø³ Ø§Ù„Ø£Ù‡ÙˆØ§Ø²ÛŒğŸ‘‘â˜ ï¸,0
ericgaston694,Eric Gaston,0
tonylongmont,Tony Longmont,0
ghribabdullah3,Ø®Ø§Ù„Ø¯ Ø§Ø­Ù…Ø¯ Ø§Ø­Ù…Ø¯,0
zebra.596160,.,0
vrousss8,VROUS,0
mm_nails1993,ProthÃ©siste ongulaire,0
almalatinaau,Alma Latina ğŸ–¤,0
aarongonzalez552,Aaron Gonzalez,0
gimsoooo,sin_nombre,0
goodweirdpgh,GOODWEIRD,0
whiteboykermy,Brendon Yount,0
rostafa101,ROSTAFA,0
dldkk28,jdjdj,0
its.maximillian,Maximillian Legion Woodty,0
lucky_singh4339,lucky.D,0
hams.y.yams,mystery man Q,0
the_lastemperor2,Bret Martinez,0
contrerasgorge975,Contreras gorge,0
marcelojosecontreras,Marcelo Jose Contreras,0
msurya_29relawan,M. Budi Surya,0
breathewithnono,Nolane ğŸ©·,0
kevinshihoin,KÃ©vinâ€‹â€‹â€‹,0
raulmartinez7991,Raul Martinez,0
keisuke430122,Takashima Keisuke,0
goofyhans,Hans,0
mohamed_alganody,Ù…Ø­Ù…Ø¯ Ø§Ù„ØºÙ†ÙˆØ¯ÙŠ,0
leonan_93,Leonan,0
galatasaray21924,sin_nombre,0
migelo1992,super sayayin,0
phil_jasha22_,Phil Jasha Norman,0
macdaddycrime,Abid Rahman Khan,0
avel831,Juan colomina,0
peppaandpeachau,peppa & peach,0
dtown1995,J,0
khalilahmedmughal29,Khalil,0
kolleeege63,Kolllle,0
jaycob.jake,JAYCOB JAKE,0
ca7no666ro7al,Wesley White,0
gun___awesome,GUNNAwesome,0
benes33659,BeneÅ¡ TomÃ¡Å¡,0
endaryason,Ryason Enda,0
pablo_salazar1123,Pablo Salazar,0
ggpit10,ggpit,0
anime_manga40,Joshua,0
shaneh1026,Shane H,0
jonjon1011,Jonathan F.,0
pc.3639,Phillip Caldwell,0
ahmedknovic,Ahmedknovic,0
firekingwtr10,sin_nombre,0
ilikesexy_,Non Existent,0
ravi_shekhar01,sin_nombre,0
toskito06,Pablo Cortes,0
hr3_456,sin_nombre,0
straightfemboy3,sin_nombre,0
lamarplaytoomuch,sin_nombre,0
jasonwaits2,Jason Waits,0
miaozhongwei3,MiaoZhongWei,0
bigdashgloves,Mohammad Qadeer,0
wazupdutty,Wayne Dutty,0
yogesh_7351329776,Yogesh Singh,0
fitnessnature300,FITNATURE,0
coombe2025,jaxon coombe,0
velichkovskiikonstantin,ĞšĞ¾Ğ½ÑÑ‚Ğ°Ğ½Ñ‚Ğ¸Ğ½ Ğ’ĞµĞ»Ğ¸Ñ‡ĞºĞ¾Ğ²ÑĞºĞ¸Ğ¹,0
brunz807,ğŸ‡¨ğŸ‡¦Bruno WrigleyğŸ‡¨ğŸ‡¦,0
zacscott7510,Zac Kincald Scott,0
mjolnir_the_crusher,Mjolnir,0
artu.rek961,sin_nombre,0
kyeyay4_,kye wilson,0
bizkit851,Tobias Richter,0
castlejason93,Jason Montgomery,0
black2da_basics,sin_nombre,0
kinda4ty,Peter dane,0
d1sgust1ng._p3rturb3d,â›¥ğ“†£ğ“„¿ğ–¤ğ“ƒ¶â›§â¸¸ğ•¾ğ•¬ğ•¯ğ•´ğ•¾ğ•¿ ğ•²ğ–€ğ–„â¸¸â›§ğ“‚€ğ–¤ğ“„¿ğ“„…â›¦,0
hafizul_here95,Hafzul Hakim Hasbollah,0
mich_ael7070,Michael,0
coffee_spirit_and_soul,sin_nombre,0
thendithirinjavan2.0,à´¤àµ†à´£àµà´Ÿà´¿ à´¤à´¿à´°à´¿à´àµà´à´µàµ»,0
jamesh625,Jim Hortle,0
go_travelcom,sin_nombre,0
jhonycarlos2024,sin_nombre,0
raheemgerald643,Raheem Gerald,0
bgrimes_viking,Brandon Grimes,0
hugobravols,Hugo,0
joshyh2024,josh hunt,0
blackadam7518,Adam,0
karimsolovei,karimsov,0
mocon627,mocon,0
fuck_you_fucking_horny_brain_,sin_nombre,0
thetravelingcatnip,sin_nombre,0
michaelryan462,Michael DB,0
bard.270,baRD,0
dannykattun331987,danny kattunğŸ˜¡ğŸ˜¡ğŸ˜¡ğŸ’”ğŸ’”ğŸ’”,0
man_of_passionnn,sin_nombre,0
nightperso000n,friz4h,0
jeremiahjones931,jeremiah jones,0
enzoogabrielfigueroa,á´‡É´á´¢á´ êœ°ÉªÉ¢á´œá´‡Ê€á´á´€,0
s.e.m.ky,Sem Ky,0
mjomarcus5,Marcus Oliver,0
caribbean.twerk,Caribbean Twerk Brussels by Julina ğŸ‡¦ğŸ‡¼ğŸ‡³ğŸ‡±ğŸ‡ªğŸ‡¸ğŸ‡§ğŸ‡ª,0
djmikeyb21,Mike Bebo,0
mushrooms996,mushrooms996,0
ootst.m,Thomas Mcgough,0
matthewdaniel_1989,Matthew Georgetown,0
austin_8230,Austin Chambers,0
v.pap77,Vaggelis Papanikolaou ğŸ‡¬ğŸ‡·â˜˜ï¸,0
ilma.fleischhacker,ğ™ğ™¡ğ™šğ™,0
jonnymichaels19,Jonny Michaels,0
its_oscar_the_boxer,Oscar Orta,0
1449454965gps,æ˜Ÿè€€,0
umberto_nemo_photography,sin_nombre,0
lcja2020,Jay,0
imaginethat1000,Robert,0
mjeed19921,Ø¹Ø¨Ø¯ Ø§Ù„Ù…Ø¬ÙŠØ¯ Ù…Ø­Ù…Ø¯,0
ggg165650,ggg650,0
chamjaatt,champion,0
trexidyva,DingDing,0
jabbagucci27,Joel Christian,0
b_271_da,Aristotelis Doulgeris,0
joe008466,sin_nombre,0
samu.elkoch293,Koch Koch Samuel Koch,0
peacelover817,ç‹çš•ç«,0
bigrican.69,Eddie Riverar,0
yakuza.mitsu,MIKE EJANG,0
mcconnell5698,Chris McConnell,0
slukerism,UnchinEtsswadlay,0
polewear_mqc,firstmqcsports@gmail.com,0
koli.tirona,Sokol Eris Hajdini,0
chop904,Anthony Smith,0
ahmedsb_13,ÃƒÄ¥mÃ¨d TÅ‚Ã¨mÃ§anÃ®,0
timon__bro,TIMO THEUS,0
ttdancewear_official,TTdancewear,0
galvatron9994,Da'vid Jackson,0
_mystic.fire,sin_nombre,0
detective7202,sin_nombre,0
yakirdahan_,Yakir Dahan,0
_elecrising_,sin_nombre,0
hiilokesh143,ğŒğ«. ğ‹ğ¨ğŠğğ¬ğ‡,0
josh420randall,Joshua randall,0
zhozhotraveling,Ú˜ Ùˆ Ø§ Ù† ~ Sara Zhwan,0
young_jman_23,young_jman_23,0
hugowrf1,Hugo W RF,0
jyoti_twk,sin_nombre,0
dlwengineering,David,0
tony865059,Tony Montana,0
chejo058,chejo058,0
disbrowmikey,Mikey Disbrow,0
bmfaustino,Faustino Bonachera,0
mmindizzle,mindz,0
lsoareslopesdasilva,lsoareslopesdasilva@gmail.com,0
gopromania93,Francesco,0
aussietverk,Kris Moskov,0
2wolfband2024,andres,0
beardmaninheels,A N I R U D H,0
dan.crowther.923,Dan Crowther,0
fireeagle007,piet kerk,0
badstefis,stefan agerskov,0
raulrojas932,Raul Rojas,0
notawineexpert,James Bale,0
mick_nudoz,Mick Nudoz,0
joabmendez,Joab Mendez,0
drajjeto,dragomir,0
urielessssss,Uriely D. Junior,0
mcculloughc5542023,sin_nombre,0
red89000ytb,Alan Omer Bouden,0
potti4668,potti,0
balamfeliz,balam martÃ­nez,0
thresherfan9,ThresherFan,0
aaron.dixon.5454021,Aaron Dixon,0
vin_d_age,vin d' age,0
blackboypablo24,Peter Ferguson,0
djtanos,marcus esteban,0
toro_.2,Ebil Sosa Valera,0
