texto,imagen_url
vanezzitasuarez,https://scontent-lim1-1.cdninstagram.com/v/t51.2885-19/481869469_512784525176116_3503818835698614536_n.jpg?stp=dst-jpg_s150x150_tt6&_nc_ht=scontent-lim1-1.cdninstagram.com&_nc_cat=104&_nc_oc=Q6cZ2QFytgeu0hrb3gENmhAF_sqC0sLvuHh3MNHzVH8LgKaI4lgGo2ffHdF34OIsk2ZtjOU&_nc_ohc=zvmjGfdiNlAQ7kNvwGIIq39&_nc_gid=-6cy0fdNmAoPiOtkn3U4ow&edm=APQMUHMBAAAA&ccb=7-5&oh=00_AfJ_avlQX3qBRJWIdU9Cx3SP0vw0m3utkULa15XOFBE_tQ&oe=6831EE54&_nc_sid=6ff7c8
dalicortezz,https://scontent-lim1-1.cdninstagram.com/v/t51.2885-19/499879742_18370945762122855_9086471588450190964_n.jpg?stp=dst-jpg_s150x150_tt6&_nc_ht=scontent-lim1-1.cdninstagram.com&_nc_cat=103&_nc_oc=Q6cZ2QEtQNZmSzP-dg2N-ZfCItnE79AUZlV_3wABXJ8O-B8ZILkRHexvvRM52IK-Bmgm3L8&_nc_ohc=9MQ0TxEeVdkQ7kNvwFIjtF-&_nc_gid=k5kus4NEtrZtFyORccMI1w&edm=APQMUHMBAAAA&ccb=7-5&oh=00_AfKb0o3LzyGefiZTIK5EzmQNNjjmA7OxC-Z8pVDUaiM0Qg&oe=6831EDA3&_nc_sid=6ff7c8
_ixchelflores,https://scontent-lim1-1.cdninstagram.com/v/t51.2885-19/491462405_1043648927717025_8178305711354148240_n.jpg?stp=dst-jpg_s150x150_tt6&_nc_ht=scontent-lim1-1.cdninstagram.com&_nc_cat=109&_nc_oc=Q6cZ2QFytgeu0hrb3gENmhAF_sqC0sLvuHh3MNHzVH8LgKaI4lgGo2ffHdF34OIsk2ZtjOU&_nc_ohc=sWJbwuf0kDIQ7kNvwEw6wxJ&_nc_gid=-6cy0fdNmAoPiOtkn3U4ow&edm=APQMUHMBAAAA&ccb=7-5&oh=00_AfKP0O_YPyIgMQmCTF79KV03zajKT2VBN3-Dw_mgEzq9zA&oe=6831C46F&_nc_sid=6ff7c8
jime_sarahi_,https://scontent-lim1-1.cdninstagram.com/v/t51.2885-19/431443717_912796254179493_2668208807273019012_n.jpg?stp=dst-jpg_s150x150_tt6&_nc_ht=scontent-lim1-1.cdninstagram.com&_nc_cat=109&_nc_oc=Q6cZ2QEtQNZmSzP-dg2N-ZfCItnE79AUZlV_3wABXJ8O-B8ZILkRHexvvRM52IK-Bmgm3L8&_nc_ohc=_2ZsaaQ6lW0Q7kNvwFak0g7&_nc_gid=k5kus4NEtrZtFyORccMI1w&edm=APQMUHMBAAAA&ccb=7-5&oh=00_AfLJDT4TpajmiUpjLgLi07OeSbFmf9q61pRRoDuZYA4_GQ&oe=6831FA41&_nc_sid=6ff7c8
mafer_coronae,https://scontent-lim1-1.cdninstagram.com/v/t51.2885-19/470687567_770259258631795_2373839949365916205_n.jpg?stp=dst-jpg_s150x150_tt6&_nc_ht=scontent-lim1-1.cdninstagram.com&_nc_cat=107&_nc_oc=Q6cZ2QFytgeu0hrb3gENmhAF_sqC0sLvuHh3MNHzVH8LgKaI4lgGo2ffHdF34OIsk2ZtjOU&_nc_ohc=_yHFQmAUHg8Q7kNvwFX5Wuo&_nc_gid=-6cy0fdNmAoPiOtkn3U4ow&edm=APQMUHMBAAAA&ccb=7-5&oh=00_AfK_0mwkA9G8x9gvetEy4LAEZSrqbbEswQiqAv2iML2Mtg&oe=6831EBDB&_nc_sid=6ff7c8
mexicanqueen_jada,https://scontent-lim1-1.cdninstagram.com/v/t51.2885-19/474933221_541032215608624_2066735719986412841_n.jpg?stp=dst-jpg_s150x150_tt6&_nc_ht=scontent-lim1-1.cdninstagram.com&_nc_cat=104&_nc_oc=Q6cZ2QFytgeu0hrb3gENmhAF_sqC0sLvuHh3MNHzVH8LgKaI4lgGo2ffHdF34OIsk2ZtjOU&_nc_ohc=PgPNkQCcWhgQ7kNvwH8uMwK&_nc_gid=-6cy0fdNmAoPiOtkn3U4ow&edm=APQMUHMBAAAA&ccb=7-5&oh=00_AfJgtZErLqnXOQbChnElx10hHQYuCCO0I0xZ6rOCVxPg5g&oe=6831E810&_nc_sid=6ff7c8
louisabeneluz,https://scontent-lim1-1.cdninstagram.com/v/t51.2885-19/473819444_1013013194201997_8313250887903975406_n.jpg?stp=dst-jpg_s150x150_tt6&_nc_ht=scontent-lim1-1.cdninstagram.com&_nc_cat=109&_nc_oc=Q6cZ2QFytgeu0hrb3gENmhAF_sqC0sLvuHh3MNHzVH8LgKaI4lgGo2ffHdF34OIsk2ZtjOU&_nc_ohc=fIR9u_6UtDIQ7kNvwE9FqiA&_nc_gid=-6cy0fdNmAoPiOtkn3U4ow&edm=APQMUHMBAAAA&ccb=7-5&oh=00_AfKSiAjoepz3IU1O-OQnN95kM23_NjrQYHUtWqLLiqLt5w&oe=6831C4A7&_nc_sid=6ff7c8
yangiie24,https://scontent-lim1-1.cdninstagram.com/v/t51.2885-19/446110415_812496517430870_7807983163073566425_n.jpg?stp=dst-jpg_s150x150_tt6&_nc_ht=scontent-lim1-1.cdninstagram.com&_nc_cat=102&_nc_oc=Q6cZ2QFytgeu0hrb3gENmhAF_sqC0sLvuHh3MNHzVH8LgKaI4lgGo2ffHdF34OIsk2ZtjOU&_nc_ohc=S8mJxSm0jR8Q7kNvwE_1HSJ&_nc_gid=-6cy0fdNmAoPiOtkn3U4ow&edm=APQMUHMBAAAA&ccb=7-5&oh=00_AfIIU-9snGjmxL8quDMdE4Bg4i90H2Kfnc3CmXPzDxMRmQ&oe=6831E2AA&_nc_sid=6ff7c8
kaaaaaaaaa_17,https://scontent-lim1-1.cdninstagram.com/v/t51.2885-19/428168608_413568291203030_6591854740079488499_n.jpg?stp=dst-jpg_s150x150_tt6&_nc_ht=scontent-lim1-1.cdninstagram.com&_nc_cat=102&_nc_oc=Q6cZ2QFytgeu0hrb3gENmhAF_sqC0sLvuHh3MNHzVH8LgKaI4lgGo2ffHdF34OIsk2ZtjOU&_nc_ohc=Fb5TD89ZiakQ7kNvwFW4Q_X&_nc_gid=-6cy0fdNmAoPiOtkn3U4ow&edm=APQMUHMBAAAA&ccb=7-5&oh=00_AfJoTMW4DeD6x9ApQw8oSttBXGoadEvptNWyTIJJhjXJFQ&oe=6831DF52&_nc_sid=6ff7c8
anellym_05,https://scontent-lim1-1.cdninstagram.com/v/t51.2885-19/495451552_1347038759743057_6084307215309731363_n.jpg?stp=dst-jpg_s150x150_tt6&_nc_ht=scontent-lim1-1.cdninstagram.com&_nc_cat=101&_nc_oc=Q6cZ2QEtQNZmSzP-dg2N-ZfCItnE79AUZlV_3wABXJ8O-B8ZILkRHexvvRM52IK-Bmgm3L8&_nc_ohc=cA4JQ8bgUOMQ7kNvwHU3KuY&_nc_gid=k5kus4NEtrZtFyORccMI1w&edm=APQMUHMBAAAA&ccb=7-5&oh=00_AfK_4tGAXZxa63bJg_rRiEJuCIEmutqHbBVTutojVpCUJw&oe=6831CF64&_nc_sid=6ff7c8
andrees_vazqueez,https://scontent-lim1-1.cdninstagram.com/v/t51.2885-19/469951698_1085691563337925_2337575780072198784_n.jpg?stp=dst-jpg_s150x150_tt6&_nc_ht=scontent-lim1-1.cdninstagram.com&_nc_cat=101&_nc_oc=Q6cZ2QEtQNZmSzP-dg2N-ZfCItnE79AUZlV_3wABXJ8O-B8ZILkRHexvvRM52IK-Bmgm3L8&_nc_ohc=ODnoPlzvxDEQ7kNvwF9D_AJ&_nc_gid=k5kus4NEtrZtFyORccMI1w&edm=APQMUHMBAAAA&ccb=7-5&oh=00_AfL2XyaebsqG_FnKsdsLZ78j1wJkarTdlTjOzPq3Uw_w0w&oe=6831F4C6&_nc_sid=6ff7c8
erii_mateo,https://scontent-lim1-1.cdninstagram.com/v/t51.2885-19/482140097_991702125658426_5026422281914210405_n.jpg?stp=dst-jpg_s150x150_tt6&_nc_ht=scontent-lim1-1.cdninstagram.com&_nc_cat=110&_nc_oc=Q6cZ2QFytgeu0hrb3gENmhAF_sqC0sLvuHh3MNHzVH8LgKaI4lgGo2ffHdF34OIsk2ZtjOU&_nc_ohc=imrAo5ylmasQ7kNvwE-GRSK&_nc_gid=-6cy0fdNmAoPiOtkn3U4ow&edm=APQMUHMBAAAA&ccb=7-5&oh=00_AfLG2m0lLG1oh6P9G2y7_jjHy2mcn2iLjVppVs0N5ls3zQ&oe=6831C312&_nc_sid=6ff7c8
iamsari_09,https://scontent-lim1-1.cdninstagram.com/v/t51.2885-19/499153164_18066952214486792_2899512884961299766_n.jpg?stp=dst-jpg_s150x150_tt6&_nc_ht=scontent-lim1-1.cdninstagram.com&_nc_cat=108&_nc_oc=Q6cZ2QEtQNZmSzP-dg2N-ZfCItnE79AUZlV_3wABXJ8O-B8ZILkRHexvvRM52IK-Bmgm3L8&_nc_ohc=BQYDCiDFz_UQ7kNvwEIete3&_nc_gid=k5kus4NEtrZtFyORccMI1w&edm=APQMUHMBAAAA&ccb=7-5&oh=00_AfLdq9s7Fzpuc1MijaSCmrqZ18DMvI4mTBF8RuH2MjyFbg&oe=6831EB46&_nc_sid=6ff7c8
perritoromantico,https://scontent-lim1-1.cdninstagram.com/v/t51.2885-19/499411576_17874007284346829_4405105184889579428_n.jpg?stp=dst-jpg_s150x150_tt6&_nc_ht=scontent-lim1-1.cdninstagram.com&_nc_cat=105&_nc_oc=Q6cZ2QEtQNZmSzP-dg2N-ZfCItnE79AUZlV_3wABXJ8O-B8ZILkRHexvvRM52IK-Bmgm3L8&_nc_ohc=UbVUIdL-vOQQ7kNvwG542c-&_nc_gid=k5kus4NEtrZtFyORccMI1w&edm=APQMUHMBAAAA&ccb=7-5&oh=00_AfK2QTGG-5xUQnDxrQ0QIBw-K_gJEZrgb2tauFXh1ITBsQ&oe=6831ECAD&_nc_sid=6ff7c8
yarencyroldan22,https://scontent-lim1-1.cdninstagram.com/v/t51.2885-19/485463187_2517930021882078_3997973780173962314_n.jpg?stp=dst-jpg_s150x150_tt6&_nc_ht=scontent-lim1-1.cdninstagram.com&_nc_cat=106&_nc_oc=Q6cZ2QEtQNZmSzP-dg2N-ZfCItnE79AUZlV_3wABXJ8O-B8ZILkRHexvvRM52IK-Bmgm3L8&_nc_ohc=RIYScPu4PjkQ7kNvwEKQhbi&_nc_gid=k5kus4NEtrZtFyORccMI1w&edm=APQMUHMBAAAA&ccb=7-5&oh=00_AfKc0NnSqjfIHMU-x7B5pgNB0sYJn2l1fX7GDzvBNQkPWg&oe=6831CFD8&_nc_sid=6ff7c8
jonathanls4,https://scontent-lim1-1.cdninstagram.com/v/t51.2885-19/480314295_1340915530262122_2013419939526917215_n.jpg?stp=dst-jpg_s150x150_tt6&_nc_ht=scontent-lim1-1.cdninstagram.com&_nc_cat=110&_nc_oc=Q6cZ2QEtQNZmSzP-dg2N-ZfCItnE79AUZlV_3wABXJ8O-B8ZILkRHexvvRM52IK-Bmgm3L8&_nc_ohc=5mEmhNR3LWQQ7kNvwHYuMaQ&_nc_gid=k5kus4NEtrZtFyORccMI1w&edm=APQMUHMBAAAA&ccb=7-5&oh=00_AfJ3H86GYjA0Qx6qOZaBcUQBzH8CqzOF_EtW2ojTWHVSvA&oe=6831EF23&_nc_sid=6ff7c8
ghost_m.o,https://scontent-lim1-1.cdninstagram.com/v/t51.2885-19/491438267_1204747051386171_3020041919461951927_n.jpg?stp=dst-jpg_s150x150_tt6&_nc_ht=scontent-lim1-1.cdninstagram.com&_nc_cat=103&_nc_oc=Q6cZ2QEtQNZmSzP-dg2N-ZfCItnE79AUZlV_3wABXJ8O-B8ZILkRHexvvRM52IK-Bmgm3L8&_nc_ohc=iIrIPj3qfWAQ7kNvwGVi9Fe&_nc_gid=k5kus4NEtrZtFyORccMI1w&edm=APQMUHMBAAAA&ccb=7-5&oh=00_AfLIp4QQGBNjrWEUe0YeFmoCwDYwRJFSXFQbkHA0Ee7CXA&oe=6831DB7F&_nc_sid=6ff7c8
aby_alamilla,https://scontent-lim1-1.cdninstagram.com/v/t51.2885-19/491447715_18503549662002841_1805833659141971927_n.jpg?stp=dst-jpg_s150x150_tt6&_nc_ht=scontent-lim1-1.cdninstagram.com&_nc_cat=101&_nc_oc=Q6cZ2QEtQNZmSzP-dg2N-ZfCItnE79AUZlV_3wABXJ8O-B8ZILkRHexvvRM52IK-Bmgm3L8&_nc_ohc=vlveXL4MgwkQ7kNvwE-13pr&_nc_gid=k5kus4NEtrZtFyORccMI1w&edm=APQMUHMBAAAA&ccb=7-5&oh=00_AfKqDmLuoIMyAfVH8pXw9usjDDgTLLBv22sOurTh57qMNw&oe=6831E075&_nc_sid=6ff7c8
lizflores.mx,https://scontent-lim1-1.cdninstagram.com/v/t51.2885-19/425504521_710764104379361_1695332583541432104_n.jpg?stp=dst-jpg_s150x150_tt6&_nc_ht=scontent-lim1-1.cdninstagram.com&_nc_cat=105&_nc_oc=Q6cZ2QEtQNZmSzP-dg2N-ZfCItnE79AUZlV_3wABXJ8O-B8ZILkRHexvvRM52IK-Bmgm3L8&_nc_ohc=pKrr4ybj46AQ7kNvwGqF7Si&_nc_gid=k5kus4NEtrZtFyORccMI1w&edm=APQMUHMBAAAA&ccb=7-5&oh=00_AfLZ0YvwaLAFB9ucVU9knNwOg1Y6OlahVefvx6dyS4rgaA&oe=6831CBB2&_nc_sid=6ff7c8
lopezsam21,https://scontent-lim1-1.cdninstagram.com/v/t51.2885-19/494359394_18094841074569714_3453644681899800139_n.jpg?stp=dst-jpg_s150x150_tt6&_nc_ht=scontent-lim1-1.cdninstagram.com&_nc_cat=106&_nc_oc=Q6cZ2QEtQNZmSzP-dg2N-ZfCItnE79AUZlV_3wABXJ8O-B8ZILkRHexvvRM52IK-Bmgm3L8&_nc_ohc=dty383tB96kQ7kNvwF9b9oI&_nc_gid=k5kus4NEtrZtFyORccMI1w&edm=APQMUHMBAAAA&ccb=7-5&oh=00_AfIO-_NTbdvN9-dXG4RDjLdACB3vhE20MrrCca5JfaaXgQ&oe=6831F4AA&_nc_sid=6ff7c8
dennveela,https://scontent-lim1-1.cdninstagram.com/v/t51.2885-19/475165507_1663819157820739_4625193443949781376_n.jpg?stp=dst-jpg_s150x150_tt6&_nc_ht=scontent-lim1-1.cdninstagram.com&_nc_cat=107&_nc_oc=Q6cZ2QFl-YI84K7IB6DSZ43o_oqY6T_1r228p4yp0UqXxYKKGX-qPUp9FZgIxevhpjyd5nM&_nc_ohc=6v0D6InjeR0Q7kNvwHgk9v6&_nc_gid=JOLvygV3QFGSkjaxkt0YUw&edm=APQMUHMBAAAA&ccb=7-5&oh=00_AfLEuYQ84jEqkAXibMHmOuhA3yNxG3o6uKiU2JugUoa_QA&oe=6831D3EC&_nc_sid=6ff7c8
ascencio_ignacio19,https://scontent-lim1-1.cdninstagram.com/v/t51.2885-19/488520708_1013261010226306_1099370722596562537_n.jpg?stp=dst-jpg_s150x150_tt6&_nc_ht=scontent-lim1-1.cdninstagram.com&_nc_cat=110&_nc_oc=Q6cZ2QFl-YI84K7IB6DSZ43o_oqY6T_1r228p4yp0UqXxYKKGX-qPUp9FZgIxevhpjyd5nM&_nc_ohc=Rr9lIETM2M0Q7kNvwGNLmhs&_nc_gid=JOLvygV3QFGSkjaxkt0YUw&edm=APQMUHMBAAAA&ccb=7-5&oh=00_AfJ9s1-S-pNIIhR1iIeq90dPOf4ZWpLS75ZZURpVTda6Zw&oe=6831D973&_nc_sid=6ff7c8
gochira_chido_69,https://scontent-lim1-1.cdninstagram.com/v/t51.2885-19/475069678_1653021985290781_6345990026869413810_n.jpg?stp=dst-jpg_s150x150_tt6&_nc_ht=scontent-lim1-1.cdninstagram.com&_nc_cat=101&_nc_oc=Q6cZ2QFl-YI84K7IB6DSZ43o_oqY6T_1r228p4yp0UqXxYKKGX-qPUp9FZgIxevhpjyd5nM&_nc_ohc=EX5rVU_B5JgQ7kNvwElyUtx&_nc_gid=JOLvygV3QFGSkjaxkt0YUw&edm=APQMUHMBAAAA&ccb=7-5&oh=00_AfKgJlWY3NqSwegYdJ2l71B6liLaK7clhI4DmLcn6cCg6Q&oe=6831C74E&_nc_sid=6ff7c8
verenicevrr,https://scontent-lim1-1.cdninstagram.com/v/t51.2885-19/497882915_18512261122011181_6242431427776570916_n.jpg?stp=dst-jpg_s150x150_tt6&_nc_ht=scontent-lim1-1.cdninstagram.com&_nc_cat=101&_nc_oc=Q6cZ2QFl-YI84K7IB6DSZ43o_oqY6T_1r228p4yp0UqXxYKKGX-qPUp9FZgIxevhpjyd5nM&_nc_ohc=WuYEzxg3G6sQ7kNvwFQHxSJ&_nc_gid=JOLvygV3QFGSkjaxkt0YUw&edm=APQMUHMBAAAA&ccb=7-5&oh=00_AfL-auw6SluvCOIgLHK5uTxtkWIH0-46ww7QUCRPmnPgdg&oe=6831DD34&_nc_sid=6ff7c8
fertz.jpg,https://scontent-lim1-1.cdninstagram.com/v/t51.2885-19/487329935_1363450244969003_402245815574592026_n.jpg?stp=dst-jpg_s150x150_tt6&_nc_ht=scontent-lim1-1.cdninstagram.com&_nc_cat=111&_nc_oc=Q6cZ2QFl-YI84K7IB6DSZ43o_oqY6T_1r228p4yp0UqXxYKKGX-qPUp9FZgIxevhpjyd5nM&_nc_ohc=xPCDY_YC7a4Q7kNvwFw1e0I&_nc_gid=JOLvygV3QFGSkjaxkt0YUw&edm=APQMUHMBAAAA&ccb=7-5&oh=00_AfL-ELdacmHvhQBo9AgecfN_Dhkq4STIwrEVuwtdF_1M_w&oe=6831EAE1&_nc_sid=6ff7c8
amor_dru,https://scontent-lim1-1.cdninstagram.com/v/t51.2885-19/71502051_400280727247650_3645917589189689344_n.jpg?stp=dst-jpg_s150x150_tt6&_nc_ht=scontent-lim1-1.cdninstagram.com&_nc_cat=106&_nc_oc=Q6cZ2QFl-YI84K7IB6DSZ43o_oqY6T_1r228p4yp0UqXxYKKGX-qPUp9FZgIxevhpjyd5nM&_nc_ohc=TUvCBCKBrdkQ7kNvwHdukIh&_nc_gid=JOLvygV3QFGSkjaxkt0YUw&edm=APQMUHMBAAAA&ccb=7-5&oh=00_AfKVwgRp2FyEoECPJoCBUdPo7TPrxvfEm4tPxsA_vtPGOw&oe=6831E5AD&_nc_sid=6ff7c8
diabla_mami_,https://scontent-lim1-1.cdninstagram.com/v/t51.2885-19/482501794_949479167296157_7123630091109644729_n.jpg?stp=dst-jpg_s150x150_tt6&_nc_ht=scontent-lim1-1.cdninstagram.com&_nc_cat=105&_nc_oc=Q6cZ2QFl-YI84K7IB6DSZ43o_oqY6T_1r228p4yp0UqXxYKKGX-qPUp9FZgIxevhpjyd5nM&_nc_ohc=UseoKBGlLy0Q7kNvwFboVd-&_nc_gid=JOLvygV3QFGSkjaxkt0YUw&edm=APQMUHMBAAAA&ccb=7-5&oh=00_AfInxEJeljOR2SJT_sj2s4Ke-dJViilw-V645_0cH_Hc6w&oe=6831D473&_nc_sid=6ff7c8
aguzmaanp,https://scontent-lim1-1.cdninstagram.com/v/t51.2885-19/474574025_1270088280716075_4022354855047070422_n.jpg?stp=dst-jpg_s150x150_tt6&_nc_ht=scontent-lim1-1.cdninstagram.com&_nc_cat=111&_nc_oc=Q6cZ2QFl-YI84K7IB6DSZ43o_oqY6T_1r228p4yp0UqXxYKKGX-qPUp9FZgIxevhpjyd5nM&_nc_ohc=xjbr4DC-O2cQ7kNvwG-l5rM&_nc_gid=JOLvygV3QFGSkjaxkt0YUw&edm=APQMUHMBAAAA&ccb=7-5&oh=00_AfLUjhWjtMKq-iAZBlJDc8cbrK2eD9ZQ8ble-jYIOlUezw&oe=6831F0DB&_nc_sid=6ff7c8
pal_ramirezf,https://scontent-lim1-1.cdninstagram.com/v/t51.2885-19/368710198_318051997345453_5758067576620065857_n.jpg?stp=dst-jpg_s150x150_tt6&_nc_ht=scontent-lim1-1.cdninstagram.com&_nc_cat=101&_nc_oc=Q6cZ2QFl-YI84K7IB6DSZ43o_oqY6T_1r228p4yp0UqXxYKKGX-qPUp9FZgIxevhpjyd5nM&_nc_ohc=5bgjuKS8pp4Q7kNvwFtecYf&_nc_gid=JOLvygV3QFGSkjaxkt0YUw&edm=APQMUHMBAAAA&ccb=7-5&oh=00_AfI6oFsEOQPHWizCugRicJGjmF7yI5UFvK11ldO12jzScA&oe=6831D725&_nc_sid=6ff7c8
tiki_crew,https://scontent-lim1-1.cdninstagram.com/v/t51.2885-19/356275690_222237530714162_5913143817380179153_n.jpg?stp=dst-jpg_s150x150_tt6&_nc_ht=scontent-lim1-1.cdninstagram.com&_nc_cat=102&_nc_oc=Q6cZ2QFl-YI84K7IB6DSZ43o_oqY6T_1r228p4yp0UqXxYKKGX-qPUp9FZgIxevhpjyd5nM&_nc_ohc=eduFdToXYX8Q7kNvwFkwe1d&_nc_gid=JOLvygV3QFGSkjaxkt0YUw&edm=APQMUHMBAAAA&ccb=7-5&oh=00_AfItHO5w3FhPpLCgMkvZM3264g8s5S-zvAPXhtnz6-2eQA&oe=6831D899&_nc_sid=6ff7c8
laura___santillan,https://scontent-lim1-1.cdninstagram.com/v/t51.2885-19/469586150_1630639980862864_2531524664215054355_n.jpg?stp=dst-jpg_s150x150_tt6&_nc_ht=scontent-lim1-1.cdninstagram.com&_nc_cat=104&_nc_oc=Q6cZ2QHZvCDddOTje3ZLMAhOXOM7n4kovjvf4DejR4uwedrIVDLjbxSb4Ur_5dDBtiYgVTc&_nc_ohc=y2kzW-sSBJoQ7kNvwElK3tL&_nc_gid=NdtQiiabe_cKz9j6FKV0tg&edm=APQMUHMBAAAA&ccb=7-5&oh=00_AfJrJzDYQ-VX11f2HqVJk0gERGVR99nQvEQZlBDSoXJBdw&oe=6831F2E9&_nc_sid=6ff7c8
moncada_zuly,https://scontent-lim1-1.cdninstagram.com/v/t51.2885-19/437505055_1095951111620597_8345655620315133380_n.jpg?stp=dst-jpg_s150x150_tt6&_nc_ht=scontent-lim1-1.cdninstagram.com&_nc_cat=105&_nc_oc=Q6cZ2QFgk5fxqq7Oi-LXbpPSAxajS6iE9k1rXbpY33404vZuYMR6ni6qCPfpogLiEIfIMiA&_nc_ohc=8P6r_npcUFEQ7kNvwGnrgWZ&_nc_gid=Iu0ONMbXJ0c1d0r7aNLM4w&edm=APQMUHMBAAAA&ccb=7-5&oh=00_AfKGOR2FGavvk5VGYuUZtd3o6Kw3_aMcl2jpqW5-Bb6umQ&oe=6831F4DC&_nc_sid=6ff7c8
cali_cuahutle,https://scontent-lim1-1.cdninstagram.com/v/t51.2885-19/488246196_1391343725324797_5527644919454797684_n.jpg?stp=dst-jpg_s150x150_tt6&_nc_ht=scontent-lim1-1.cdninstagram.com&_nc_cat=101&_nc_oc=Q6cZ2QFgk5fxqq7Oi-LXbpPSAxajS6iE9k1rXbpY33404vZuYMR6ni6qCPfpogLiEIfIMiA&_nc_ohc=w-pTNf2TpEkQ7kNvwGh-7iw&_nc_gid=Iu0ONMbXJ0c1d0r7aNLM4w&edm=APQMUHMBAAAA&ccb=7-5&oh=00_AfJZD2bP_r6H3EncK-U3q7Qbo2_ZlvBxdybXT0mzTsN3ZQ&oe=6831F7C4&_nc_sid=6ff7c8
high.zavala,https://scontent-lim1-1.cdninstagram.com/v/t51.2885-19/44884218_345707102882519_2446069589734326272_n.jpg?stp=dst-jpg_s150x150_tt6&_nc_ht=scontent-lim1-1.cdninstagram.com&_nc_cat=1&_nc_oc=Q6cZ2QFgk5fxqq7Oi-LXbpPSAxajS6iE9k1rXbpY33404vZuYMR6ni6qCPfpogLiEIfIMiA&_nc_ohc=40BnSaa0ic4Q7kNvwFzudqw&_nc_gid=Iu0ONMbXJ0c1d0r7aNLM4w&edm=APQMUHMBAAAA&ccb=7-5&ig_cache_key=YW5vbnltb3VzX3Byb2ZpbGVfcGlj.3-ccb7-5&oh=00_AfLDN-Hn43x9jGoYMLBzI5Omra-hVQbnmSzPxz1lGKPiOw&oe=6831D44F&_nc_sid=6ff7c8
ale.rram,https://scontent-lim1-1.cdninstagram.com/v/t51.2885-19/491447183_18501879979024752_260311145462412240_n.jpg?stp=dst-jpg_s150x150_tt6&_nc_ht=scontent-lim1-1.cdninstagram.com&_nc_cat=100&_nc_oc=Q6cZ2QFgk5fxqq7Oi-LXbpPSAxajS6iE9k1rXbpY33404vZuYMR6ni6qCPfpogLiEIfIMiA&_nc_ohc=siIn056uYO4Q7kNvwGlkQ9f&_nc_gid=Iu0ONMbXJ0c1d0r7aNLM4w&edm=APQMUHMBAAAA&ccb=7-5&oh=00_AfKfI0a9ngT9GQIO2PN-fK28Iyp62sHAjuQVHHFO5szC7Q&oe=6831F234&_nc_sid=6ff7c8
nikky_missdevil,https://scontent-lim1-1.cdninstagram.com/v/t51.2885-19/449878825_893277165944890_5809485832689291920_n.jpg?stp=dst-jpg_s150x150_tt6&_nc_ht=scontent-lim1-1.cdninstagram.com&_nc_cat=110&_nc_oc=Q6cZ2QFgk5fxqq7Oi-LXbpPSAxajS6iE9k1rXbpY33404vZuYMR6ni6qCPfpogLiEIfIMiA&_nc_ohc=F9_bygS5DzIQ7kNvwEh7OFg&_nc_gid=Iu0ONMbXJ0c1d0r7aNLM4w&edm=APQMUHMBAAAA&ccb=7-5&oh=00_AfKtOXVwt4NLWbanzaMoesHuJntglWOd2swMnOEnYJ2WDw&oe=6831D01A&_nc_sid=6ff7c8
artesanalgreen,https://scontent-lim1-1.cdninstagram.com/v/t51.2885-19/148297268_804447427116905_9221229808470473822_n.jpg?stp=dst-jpg_s150x150_tt6&_nc_ht=scontent-lim1-1.cdninstagram.com&_nc_cat=105&_nc_oc=Q6cZ2QFgk5fxqq7Oi-LXbpPSAxajS6iE9k1rXbpY33404vZuYMR6ni6qCPfpogLiEIfIMiA&_nc_ohc=ULAU_wlU2i8Q7kNvwHAK9u3&_nc_gid=Iu0ONMbXJ0c1d0r7aNLM4w&edm=APQMUHMBAAAA&ccb=7-5&oh=00_AfJ-qIExwM_AtxVroOFJD97ssZ8Afo3lAiIXS9EDJBwO0w&oe=6831CBA8&_nc_sid=6ff7c8
ianefloxo,https://scontent-lim1-1.cdninstagram.com/v/t51.2885-19/491445211_1160969568843390_1509639401427721570_n.jpg?stp=dst-jpg_s150x150_tt6&_nc_ht=scontent-lim1-1.cdninstagram.com&_nc_cat=106&_nc_oc=Q6cZ2QHZvCDddOTje3ZLMAhOXOM7n4kovjvf4DejR4uwedrIVDLjbxSb4Ur_5dDBtiYgVTc&_nc_ohc=QPd9cS1MGw0Q7kNvwFTzCJe&_nc_gid=NdtQiiabe_cKz9j6FKV0tg&edm=APQMUHMBAAAA&ccb=7-5&oh=00_AfLqOxVlK4XFIeRgebRFlTvSo3SyPSjWr9d6xUh2M6jzlw&oe=6831F35D&_nc_sid=6ff7c8
hanna_mejia_,https://scontent-lim1-1.cdninstagram.com/v/t51.2885-19/349440133_149654184671106_8938084140116354971_n.jpg?stp=dst-jpg_s150x150_tt6&_nc_ht=scontent-lim1-1.cdninstagram.com&_nc_cat=106&_nc_oc=Q6cZ2QHZvCDddOTje3ZLMAhOXOM7n4kovjvf4DejR4uwedrIVDLjbxSb4Ur_5dDBtiYgVTc&_nc_ohc=FLlTZSmo8KIQ7kNvwHwgN44&_nc_gid=NdtQiiabe_cKz9j6FKV0tg&edm=APQMUHMBAAAA&ccb=7-5&oh=00_AfKAwgggtCqzJ6ygP4C6PDAgRRb5ekUNR3032Xs0f-8d6Q&oe=6831D8FA&_nc_sid=6ff7c8
lauraisabelba3,https://scontent-lim1-1.cdninstagram.com/v/t51.2885-19/461425064_516172904501052_2569335098148839934_n.jpg?stp=dst-jpg_s150x150_tt6&_nc_ht=scontent-lim1-1.cdninstagram.com&_nc_cat=100&_nc_oc=Q6cZ2QHZvCDddOTje3ZLMAhOXOM7n4kovjvf4DejR4uwedrIVDLjbxSb4Ur_5dDBtiYgVTc&_nc_ohc=zdgOYsk_pLMQ7kNvwECjRqa&_nc_gid=NdtQiiabe_cKz9j6FKV0tg&edm=APQMUHMBAAAA&ccb=7-5&oh=00_AfKRZk9_5JMaS3Sf9qfXXTQgv4Xcv1DkAivIBFDYHuc34g&oe=6831E768&_nc_sid=6ff7c8
glo_riaguz,https://scontent-lim1-1.cdninstagram.com/v/t51.2885-19/469585187_1109286087416711_8404035312605038989_n.jpg?stp=dst-jpg_s150x150_tt6&_nc_ht=scontent-lim1-1.cdninstagram.com&_nc_cat=111&_nc_oc=Q6cZ2QHZvCDddOTje3ZLMAhOXOM7n4kovjvf4DejR4uwedrIVDLjbxSb4Ur_5dDBtiYgVTc&_nc_ohc=Z_CyHv78qmYQ7kNvwFiZgFe&_nc_gid=NdtQiiabe_cKz9j6FKV0tg&edm=APQMUHMBAAAA&ccb=7-5&oh=00_AfItNaf25p24Gr6bjz4PPzT29zILq8vHfJ8Ut4XQ602Pdg&oe=6831E179&_nc_sid=6ff7c8
leililu.flores.7,https://scontent-lim1-1.cdninstagram.com/v/t51.2885-19/248785087_201263422135888_1746541056280320622_n.jpg?stp=dst-jpg_s150x150_tt6&_nc_ht=scontent-lim1-1.cdninstagram.com&_nc_cat=104&_nc_oc=Q6cZ2QHZvCDddOTje3ZLMAhOXOM7n4kovjvf4DejR4uwedrIVDLjbxSb4Ur_5dDBtiYgVTc&_nc_ohc=FJ74TyvGmvkQ7kNvwHCQd1O&_nc_gid=NdtQiiabe_cKz9j6FKV0tg&edm=APQMUHMBAAAA&ccb=7-5&oh=00_AfKMZJ2VD53uj9brrfGio_5qn6Au4DcszkBlpwQBKA4xSw&oe=6831CE30&_nc_sid=6ff7c8
adixx2u,https://scontent-lim1-1.cdninstagram.com/v/t51.2885-19/455023727_7771520096310071_5198538065605944029_n.jpg?stp=dst-jpg_s150x150_tt6&_nc_ht=scontent-lim1-1.cdninstagram.com&_nc_cat=111&_nc_oc=Q6cZ2QHZvCDddOTje3ZLMAhOXOM7n4kovjvf4DejR4uwedrIVDLjbxSb4Ur_5dDBtiYgVTc&_nc_ohc=YqtRBa3mMgQQ7kNvwEnDzTg&_nc_gid=NdtQiiabe_cKz9j6FKV0tg&edm=APQMUHMBAAAA&ccb=7-5&oh=00_AfJcs_byksZZlx6_7x1eX8P0n9y2Z_ADy7HGndSfA7e8vw&oe=6831EF37&_nc_sid=6ff7c8
luz.bolanyos,https://scontent-lim1-1.cdninstagram.com/v/t51.2885-19/416536846_1124325292060068_6687910703393422590_n.jpg?stp=dst-jpg_s150x150_tt6&_nc_ht=scontent-lim1-1.cdninstagram.com&_nc_cat=100&_nc_oc=Q6cZ2QHZvCDddOTje3ZLMAhOXOM7n4kovjvf4DejR4uwedrIVDLjbxSb4Ur_5dDBtiYgVTc&_nc_ohc=CAaRd1wBfQ4Q7kNvwHRtNSY&_nc_gid=NdtQiiabe_cKz9j6FKV0tg&edm=APQMUHMBAAAA&ccb=7-5&oh=00_AfJasHpxwgRdTuO81TelDX1l0yFCMA1g0ryXulJTgJ-2JA&oe=6831E643&_nc_sid=6ff7c8
t532.4,https://instagram.ftgu1-3.fna.fbcdn.net/v/t51.2885-19/44884218_345707102882519_2446069589734326272_n.jpg?stp=dst-jpg_e0_s150x150_tt6&_nc_ht=instagram.ftgu1-3.fna.fbcdn.net&_nc_cat=1&_nc_oc=Q6cZ2QFe9vMPBJLAZpDYhwJ2feGJhVw0OUPndpOv6zdRr4sJt4efdGHRKW08-UA0XWyNCxo&_nc_ohc=40BnSaa0ic4Q7kNvwHStuqM&_nc_gid=oPDQpJWqyUSHfA3jao-Aiw&edm=AOVgSKcBAAAA&ccb=7-5&ig_cache_key=YW5vbnltb3VzX3Byb2ZpbGVfcGlj.3-ccb7-5&oh=00_AfIvNDp8_GzwRy_DZ_obnIvDrqE0WwQmj7Qocngz0bothQ&oe=6831D44F&_nc_sid=ac1396
yheinjg,https://scontent-lim1-1.cdninstagram.com/v/t51.2885-19/12724959_781338185333964_678164241_a.jpg?stp=dst-jpg_s150x150_tt6&_nc_ht=scontent-lim1-1.cdninstagram.com&_nc_cat=100&_nc_oc=Q6cZ2QHZvCDddOTje3ZLMAhOXOM7n4kovjvf4DejR4uwedrIVDLjbxSb4Ur_5dDBtiYgVTc&_nc_ohc=Zra18T6HbSwQ7kNvwGbcM0I&_nc_gid=NdtQiiabe_cKz9j6FKV0tg&edm=APQMUHMBAAAA&ccb=7-5&oh=00_AfInRw3XHUv4jMS7MNxOD84QUrXrUdTkLlXQWgLDB9O43Q&oe=6831C5ED&_nc_sid=6ff7c8
daniel_lujan_0,https://scontent-lim1-1.cdninstagram.com/v/t51.2885-19/486135956_2434357276925963_2281442426238139072_n.jpg?stp=dst-jpg_s150x150_tt6&_nc_ht=scontent-lim1-1.cdninstagram.com&_nc_cat=111&_nc_oc=Q6cZ2QEovIWe1PnjirIS6oYcakDxU0H629kE3hC6YQbt2kuBEPl6Qi0xs59yRBGqijxkVUg&_nc_ohc=_zCSl00P_2AQ7kNvwHqy9cJ&_nc_gid=WBOeIJb3cnxmkJS-X7oRsQ&edm=APQMUHMBAAAA&ccb=7-5&oh=00_AfKPuCLaJG9hOMgvVHRGLbZzgkX70g4jeZP0XfCAY5vNeA&oe=6831CA0A&_nc_sid=6ff7c8
wh__minmin,https://scontent-lim1-1.cdninstagram.com/v/t51.2885-19/462252635_557188736698533_8605784395241918627_n.jpg?stp=dst-jpg_s150x150_tt6&_nc_ht=scontent-lim1-1.cdninstagram.com&_nc_cat=109&_nc_oc=Q6cZ2QEovIWe1PnjirIS6oYcakDxU0H629kE3hC6YQbt2kuBEPl6Qi0xs59yRBGqijxkVUg&_nc_ohc=h0rp7IeHR3wQ7kNvwGQd_3i&_nc_gid=WBOeIJb3cnxmkJS-X7oRsQ&edm=APQMUHMBAAAA&ccb=7-5&oh=00_AfK74rLVhV2boyLV2aqb2NRsm7sRviAGdZT5qA4BPvWNig&oe=6831F625&_nc_sid=6ff7c8
aguilar_zoee,https://scontent-lim1-1.cdninstagram.com/v/t51.2885-19/491462579_18501713755062584_3977427789862826948_n.jpg?stp=dst-jpg_s150x150_tt6&_nc_ht=scontent-lim1-1.cdninstagram.com&_nc_cat=108&_nc_oc=Q6cZ2QEovIWe1PnjirIS6oYcakDxU0H629kE3hC6YQbt2kuBEPl6Qi0xs59yRBGqijxkVUg&_nc_ohc=jkURSemNwIwQ7kNvwEd6V4R&_nc_gid=WBOeIJb3cnxmkJS-X7oRsQ&edm=APQMUHMBAAAA&ccb=7-5&oh=00_AfLHko2DwYm5H1cs4T2Q1mdSaTXX-pyWMDQmjHn-0lZFmA&oe=6831DEE3&_nc_sid=6ff7c8
g__tiffa,https://scontent-lim1-1.cdninstagram.com/v/t51.2885-19/44884218_345707102882519_2446069589734326272_n.jpg?stp=dst-jpg_s150x150_tt6&_nc_ht=scontent-lim1-1.cdninstagram.com&_nc_cat=1&_nc_oc=Q6cZ2QEovIWe1PnjirIS6oYcakDxU0H629kE3hC6YQbt2kuBEPl6Qi0xs59yRBGqijxkVUg&_nc_ohc=40BnSaa0ic4Q7kNvwFzudqw&_nc_gid=WBOeIJb3cnxmkJS-X7oRsQ&edm=APQMUHMBAAAA&ccb=7-5&ig_cache_key=YW5vbnltb3VzX3Byb2ZpbGVfcGlj.3-ccb7-5&oh=00_AfKCWcIErC_I-pi7rxlMtATh6HmdPfiMpqEK48Vxfhkuvw&oe=6831D44F&_nc_sid=6ff7c8
efania_est,https://scontent-lim1-1.cdninstagram.com/v/t51.2885-19/288021082_151413980824395_26472007662091767_n.jpg?stp=dst-jpg_s150x150_tt6&_nc_ht=scontent-lim1-1.cdninstagram.com&_nc_cat=103&_nc_oc=Q6cZ2QEovIWe1PnjirIS6oYcakDxU0H629kE3hC6YQbt2kuBEPl6Qi0xs59yRBGqijxkVUg&_nc_ohc=MivDNqEgEm4Q7kNvwGEpnIz&_nc_gid=WBOeIJb3cnxmkJS-X7oRsQ&edm=APQMUHMBAAAA&ccb=7-5&oh=00_AfLfERZtFyWwS7n7mZcbrqDsSTLj9fmEg4GiUC_hcqum2g&oe=6831D7BD&_nc_sid=6ff7c8
maardevioletas,https://scontent-lim1-1.cdninstagram.com/v/t51.2885-19/355081415_130487636731334_4920886526864486842_n.jpg?stp=dst-jpg_s150x150_tt6&_nc_ht=scontent-lim1-1.cdninstagram.com&_nc_cat=102&_nc_oc=Q6cZ2QEovIWe1PnjirIS6oYcakDxU0H629kE3hC6YQbt2kuBEPl6Qi0xs59yRBGqijxkVUg&_nc_ohc=BzB5V-XPKq0Q7kNvwHun-mn&_nc_gid=WBOeIJb3cnxmkJS-X7oRsQ&edm=APQMUHMBAAAA&ccb=7-5&oh=00_AfI031A2BzJdrTf7uVKIgp5QJvNA6Q492BOUXelLutj5HQ&oe=6831C31A&_nc_sid=6ff7c8
bonifazisabel,https://scontent-lim1-1.cdninstagram.com/v/t51.2885-19/487700059_965998668850969_6423665644985278235_n.jpg?stp=dst-jpg_s150x150_tt6&_nc_ht=scontent-lim1-1.cdninstagram.com&_nc_cat=101&_nc_oc=Q6cZ2QEovIWe1PnjirIS6oYcakDxU0H629kE3hC6YQbt2kuBEPl6Qi0xs59yRBGqijxkVUg&_nc_ohc=iQZ2n-d32AkQ7kNvwG6Xuzq&_nc_gid=WBOeIJb3cnxmkJS-X7oRsQ&edm=APQMUHMBAAAA&ccb=7-5&oh=00_AfLOzVj40-d60MSeZxr3tlM1apmYhNWIM2ECW8YZGEmmPw&oe=6831C942&_nc_sid=6ff7c8
alejandraramos943,https://scontent-lim1-1.cdninstagram.com/v/t51.2885-19/491443158_1217840613050562_3085235934307343139_n.jpg?stp=dst-jpg_s150x150_tt6&_nc_ht=scontent-lim1-1.cdninstagram.com&_nc_cat=106&_nc_oc=Q6cZ2QHgLv6vf5KimX5vmSPoUhB8fJ1kOmwVYKAVlRbXrubgzfuC1zG6IZmw4lF53EhEOOo&_nc_ohc=edBAf78HR9YQ7kNvwGB6OHN&_nc_gid=7tBNIjgsJJrGJdixZJT8RA&edm=APQMUHMBAAAA&ccb=7-5&oh=00_AfL24wRBN7Y484cO3-G9bdxPc_e21orb1WJPNtMXheNOew&oe=6831D465&_nc_sid=6ff7c8
nanis9757,https://scontent-lim1-1.cdninstagram.com/v/t51.2885-19/435504276_418216014188054_8875410898593068350_n.jpg?stp=dst-jpg_s150x150_tt6&_nc_ht=scontent-lim1-1.cdninstagram.com&_nc_cat=102&_nc_oc=Q6cZ2QHgLv6vf5KimX5vmSPoUhB8fJ1kOmwVYKAVlRbXrubgzfuC1zG6IZmw4lF53EhEOOo&_nc_ohc=FgLCdmscPqsQ7kNvwHDaceo&_nc_gid=7tBNIjgsJJrGJdixZJT8RA&edm=APQMUHMBAAAA&ccb=7-5&oh=00_AfLONUEMOuMtcUHGQgCQNV3AHnVBPzIkPxxllzwGIU-hYw&oe=6831CE66&_nc_sid=6ff7c8
perlarioslpz,https://scontent-lim1-1.cdninstagram.com/v/t51.2885-19/496599186_17989049498802745_5516057205592344635_n.jpg?stp=dst-jpg_s150x150_tt6&_nc_ht=scontent-lim1-1.cdninstagram.com&_nc_cat=101&_nc_oc=Q6cZ2QHgLv6vf5KimX5vmSPoUhB8fJ1kOmwVYKAVlRbXrubgzfuC1zG6IZmw4lF53EhEOOo&_nc_ohc=nz-H373jFksQ7kNvwE0PP-4&_nc_gid=7tBNIjgsJJrGJdixZJT8RA&edm=APQMUHMBAAAA&ccb=7-5&oh=00_AfJ72qSSBYB4gDxc9w2bkh40yu1TzCizZLHOuoKtBO_liA&oe=6831CFE1&_nc_sid=6ff7c8
summertimemylove,https://scontent-lim1-1.cdninstagram.com/v/t51.2885-19/476004590_2404124636629267_7910839289820833907_n.jpg?stp=dst-jpg_s150x150_tt6&_nc_ht=scontent-lim1-1.cdninstagram.com&_nc_cat=107&_nc_oc=Q6cZ2QHgLv6vf5KimX5vmSPoUhB8fJ1kOmwVYKAVlRbXrubgzfuC1zG6IZmw4lF53EhEOOo&_nc_ohc=MSEblu-SUfwQ7kNvwGIwW_q&_nc_gid=7tBNIjgsJJrGJdixZJT8RA&edm=APQMUHMBAAAA&ccb=7-5&oh=00_AfISzVEMpbVMC0vgFtqJd4L53VcbkfMm85Nbc9mg4PtRHQ&oe=6831E27C&_nc_sid=6ff7c8
claudiu7019,https://scontent-atl3-2.cdninstagram.com/v/t51.2885-19/44884218_345707102882519_2446069589734326272_n.jpg?stp=dst-jpg_e0_s150x150_tt6&_nc_ht=scontent-atl3-2.cdninstagram.com&_nc_cat=1&_nc_oc=Q6cZ2QG0Qz5zg5QEVsbZgH7M8w4OSt2SeeHpWQnLVTcqJNnYc7sQC45eG7IIo8jyktmyolU&_nc_ohc=40BnSaa0ic4Q7kNvwH5HpC4&_nc_gid=F1ZiTk_2-9324Bc2jfY7LQ&edm=APU89FABAAAA&ccb=7-5&ig_cache_key=YW5vbnltb3VzX3Byb2ZpbGVfcGlj.3-ccb7-5&oh=00_AfK3VhwK8zCYMefEcnH5BMABlma9ed3Joglej0KlsQowWA&oe=6831D44F&_nc_sid=bc0c2c
nokturnalwraith,https://scontent-atl3-2.cdninstagram.com/v/t51.2885-19/44884218_345707102882519_2446069589734326272_n.jpg?stp=dst-jpg_e0_s150x150_tt6&_nc_ht=scontent-atl3-2.cdninstagram.com&_nc_cat=1&_nc_oc=Q6cZ2QG0Qz5zg5QEVsbZgH7M8w4OSt2SeeHpWQnLVTcqJNnYc7sQC45eG7IIo8jyktmyolU&_nc_ohc=40BnSaa0ic4Q7kNvwH5HpC4&_nc_gid=F1ZiTk_2-9324Bc2jfY7LQ&edm=APU89FABAAAA&ccb=7-5&ig_cache_key=YW5vbnltb3VzX3Byb2ZpbGVfcGlj.3-ccb7-5&oh=00_AfK3VhwK8zCYMefEcnH5BMABlma9ed3Joglej0KlsQowWA&oe=6831D44F&_nc_sid=bc0c2c
underonemx,https://scontent-lim1-1.cdninstagram.com/v/t51.2885-19/491445151_18501985927058987_26579237882948043_n.jpg?stp=dst-jpg_s150x150_tt6&_nc_ht=scontent-lim1-1.cdninstagram.com&_nc_cat=111&_nc_oc=Q6cZ2QHgLv6vf5KimX5vmSPoUhB8fJ1kOmwVYKAVlRbXrubgzfuC1zG6IZmw4lF53EhEOOo&_nc_ohc=R2KF2qtdUIkQ7kNvwEmgRpg&_nc_gid=7tBNIjgsJJrGJdixZJT8RA&edm=APQMUHMBAAAA&ccb=7-5&oh=00_AfJ7haod6A_irXUlpTZtGXzUOJvLYRfpEYUuoJN8JmPMXg&oe=6831D872&_nc_sid=6ff7c8
anna_23twerk,https://scontent-lim1-1.cdninstagram.com/v/t51.2885-19/496603886_18110489143493978_3899458639734333371_n.jpg?stp=dst-jpg_s150x150_tt6&_nc_ht=scontent-lim1-1.cdninstagram.com&_nc_cat=102&_nc_oc=Q6cZ2QHgLv6vf5KimX5vmSPoUhB8fJ1kOmwVYKAVlRbXrubgzfuC1zG6IZmw4lF53EhEOOo&_nc_ohc=hEPs5YXI74AQ7kNvwE7lW6I&_nc_gid=7tBNIjgsJJrGJdixZJT8RA&edm=APQMUHMBAAAA&ccb=7-5&oh=00_AfI3eVmszCoBXKBliJOsnJNK2aAfEz_0gCgYB6-OneLiwg&oe=6831EAFD&_nc_sid=6ff7c8
ibonisk,https://scontent-lim1-1.cdninstagram.com/v/t51.2885-19/484914096_632109059699966_5099939755809036302_n.jpg?stp=dst-jpg_s150x150_tt6&_nc_ht=scontent-lim1-1.cdninstagram.com&_nc_cat=102&_nc_oc=Q6cZ2QHgLv6vf5KimX5vmSPoUhB8fJ1kOmwVYKAVlRbXrubgzfuC1zG6IZmw4lF53EhEOOo&_nc_ohc=n_LV9Z-bvLMQ7kNvwH2-_yQ&_nc_gid=7tBNIjgsJJrGJdixZJT8RA&edm=APQMUHMBAAAA&ccb=7-5&oh=00_AfIX5AUujB5P0JLobcLP-XCgiqqAtuC0ExIpx_7dKpiePw&oe=6831CFF6&_nc_sid=6ff7c8
ymee______hv,https://scontent-lim1-1.cdninstagram.com/v/t51.2885-19/499240841_18502307803018051_4601624272047067472_n.jpg?stp=dst-jpg_s150x150_tt6&_nc_ht=scontent-lim1-1.cdninstagram.com&_nc_cat=107&_nc_oc=Q6cZ2QHgLv6vf5KimX5vmSPoUhB8fJ1kOmwVYKAVlRbXrubgzfuC1zG6IZmw4lF53EhEOOo&_nc_ohc=WntjBnmTlEwQ7kNvwFy-ttf&_nc_gid=7tBNIjgsJJrGJdixZJT8RA&edm=APQMUHMBAAAA&ccb=7-5&oh=00_AfJrpsfflDlRo-tf3NrjdHDeLcFkvjZ3PvOwmHfKNqtt7w&oe=6831DA4E&_nc_sid=6ff7c8
araceliz1129,https://scontent-lim1-1.cdninstagram.com/v/t51.2885-19/485850373_1392898605219429_7098817969910907630_n.jpg?stp=dst-jpg_s150x150_tt6&_nc_ht=scontent-lim1-1.cdninstagram.com&_nc_cat=109&_nc_oc=Q6cZ2QHgLv6vf5KimX5vmSPoUhB8fJ1kOmwVYKAVlRbXrubgzfuC1zG6IZmw4lF53EhEOOo&_nc_ohc=NZkanj20kewQ7kNvwGOx286&_nc_gid=7tBNIjgsJJrGJdixZJT8RA&edm=APQMUHMBAAAA&ccb=7-5&oh=00_AfI-cTJNvTbaXHZat5Bn8pkZXZhkRh5z2WjWV6qBrJ74Bg&oe=6831C6D3&_nc_sid=6ff7c8
simple_actitud,https://scontent-lim1-1.cdninstagram.com/v/t51.2885-19/475479103_1653499485267980_1463363405461862741_n.jpg?stp=dst-jpg_s150x150_tt6&_nc_ht=scontent-lim1-1.cdninstagram.com&_nc_cat=108&_nc_oc=Q6cZ2QHgLv6vf5KimX5vmSPoUhB8fJ1kOmwVYKAVlRbXrubgzfuC1zG6IZmw4lF53EhEOOo&_nc_ohc=ck-c10w_ENcQ7kNvwH8nM0o&_nc_gid=7tBNIjgsJJrGJdixZJT8RA&edm=APQMUHMBAAAA&ccb=7-5&oh=00_AfL4bpxElD_y1lD_NugmzbUDfcnTa1ljoVGgE8jvSjayEQ&oe=6831F8AD&_nc_sid=6ff7c8
alena_calleja,https://scontent-lim1-1.cdninstagram.com/v/t51.2885-19/10890754_906021326109831_2066112092_a.jpg?stp=dst-jpg_s150x150_tt6&_nc_ht=scontent-lim1-1.cdninstagram.com&_nc_cat=103&_nc_oc=Q6cZ2QEsqbpuULvv-h9jFrIU-CdD8BEIRdIE0y7mLdXpug_O8L8bb5BnlFTLBuq1Yd5MMi0&_nc_ohc=W_OAjMbapJwQ7kNvwH8gVBp&_nc_gid=p6jt5gSsDhnsOIc1yw3tcg&edm=APQMUHMBAAAA&ccb=7-5&oh=00_AfKtSG1-Y2tcc3gw-VcaPYkzVH4ZKbxKMdbrlN0df61yjg&oe=6831C6CD&_nc_sid=6ff7c8
esme_gaytaan,https://scontent-lim1-1.cdninstagram.com/v/t51.2885-19/488774157_678910587986536_3760903296406009222_n.jpg?stp=dst-jpg_s150x150_tt6&_nc_ht=scontent-lim1-1.cdninstagram.com&_nc_cat=104&_nc_oc=Q6cZ2QEsqbpuULvv-h9jFrIU-CdD8BEIRdIE0y7mLdXpug_O8L8bb5BnlFTLBuq1Yd5MMi0&_nc_ohc=tDmgP3nM1w0Q7kNvwHGEVtK&_nc_gid=p6jt5gSsDhnsOIc1yw3tcg&edm=APQMUHMBAAAA&ccb=7-5&oh=00_AfLXplDE-JVCmqhcJhOgsMx_AJCAtsLq2XghEQ4BKs5VdQ&oe=6831C7BE&_nc_sid=6ff7c8
mar__o_m,https://scontent-lim1-1.cdninstagram.com/v/t51.2885-19/489350092_966043771985333_7431867830317672040_n.jpg?stp=dst-jpg_s150x150_tt6&_nc_ht=scontent-lim1-1.cdninstagram.com&_nc_cat=105&_nc_oc=Q6cZ2QEsqbpuULvv-h9jFrIU-CdD8BEIRdIE0y7mLdXpug_O8L8bb5BnlFTLBuq1Yd5MMi0&_nc_ohc=mF6y8J4oW9QQ7kNvwHA-WCK&_nc_gid=p6jt5gSsDhnsOIc1yw3tcg&edm=APQMUHMBAAAA&ccb=7-5&oh=00_AfIqovfc7RW4WOAhRHAKnqmVsfMH3JcGQKAO526X8DgoXw&oe=6831E3F5&_nc_sid=6ff7c8
mari.lunap,https://scontent-lim1-1.cdninstagram.com/v/t51.2885-19/494890324_18499345261057759_2653662632484105141_n.jpg?stp=dst-jpg_s150x150_tt6&_nc_ht=scontent-lim1-1.cdninstagram.com&_nc_cat=107&_nc_oc=Q6cZ2QEsqbpuULvv-h9jFrIU-CdD8BEIRdIE0y7mLdXpug_O8L8bb5BnlFTLBuq1Yd5MMi0&_nc_ohc=CKbpJp5oCQEQ7kNvwHtwy9L&_nc_gid=p6jt5gSsDhnsOIc1yw3tcg&edm=APQMUHMBAAAA&ccb=7-5&oh=00_AfI03rVQud_4-WIDi42ymhkeSjyTCzEacvSUYyKnRSAWvg&oe=6831DB01&_nc_sid=6ff7c8
xtinazrt,https://scontent-lim1-1.cdninstagram.com/v/t51.2885-19/495469317_18498864193011593_5367697850748849883_n.jpg?stp=dst-jpg_s150x150_tt6&_nc_ht=scontent-lim1-1.cdninstagram.com&_nc_cat=105&_nc_oc=Q6cZ2QEsqbpuULvv-h9jFrIU-CdD8BEIRdIE0y7mLdXpug_O8L8bb5BnlFTLBuq1Yd5MMi0&_nc_ohc=n_n_xJWUq_IQ7kNvwFVZXfy&_nc_gid=p6jt5gSsDhnsOIc1yw3tcg&edm=APQMUHMBAAAA&ccb=7-5&oh=00_AfJMe5ZcB9o9T-RstLBwigUtgZHTf005FSk7wn8lJfAdDw&oe=6831F9F0&_nc_sid=6ff7c8
kika.gang_,https://scontent-lim1-1.cdninstagram.com/v/t51.2885-19/442253095_989028089229565_4339155506000487170_n.jpg?stp=dst-jpg_s150x150_tt6&_nc_ht=scontent-lim1-1.cdninstagram.com&_nc_cat=101&_nc_oc=Q6cZ2QEsqbpuULvv-h9jFrIU-CdD8BEIRdIE0y7mLdXpug_O8L8bb5BnlFTLBuq1Yd5MMi0&_nc_ohc=56-fuWSE-xAQ7kNvwHmcZYj&_nc_gid=p6jt5gSsDhnsOIc1yw3tcg&edm=APQMUHMBAAAA&ccb=7-5&oh=00_AfLY5l_PszKFTjGlHsi_8YVL1XZJ37XXqS6ysYPB6GhQxA&oe=6831D365&_nc_sid=6ff7c8
parteraenbici,https://scontent-lim1-1.cdninstagram.com/v/t51.2885-19/119147508_755342955259874_3283091486281464940_n.jpg?stp=dst-jpg_s150x150_tt6&_nc_ht=scontent-lim1-1.cdninstagram.com&_nc_cat=102&_nc_oc=Q6cZ2QEsqbpuULvv-h9jFrIU-CdD8BEIRdIE0y7mLdXpug_O8L8bb5BnlFTLBuq1Yd5MMi0&_nc_ohc=tAiN3IYxGkgQ7kNvwFSRdye&_nc_gid=p6jt5gSsDhnsOIc1yw3tcg&edm=APQMUHMBAAAA&ccb=7-5&oh=00_AfJCiBmG1fZLWb8ye6aKwh02UDjLn3rAzxiGbvHVwbv_UQ&oe=6831D9D2&_nc_sid=6ff7c8
ximena.py,https://scontent-lim1-1.cdninstagram.com/v/t51.2885-19/437127010_1008215827590886_2900452245567544923_n.jpg?stp=dst-jpg_s150x150_tt6&_nc_ht=scontent-lim1-1.cdninstagram.com&_nc_cat=110&_nc_oc=Q6cZ2QEsqbpuULvv-h9jFrIU-CdD8BEIRdIE0y7mLdXpug_O8L8bb5BnlFTLBuq1Yd5MMi0&_nc_ohc=YGIrSRU8CRwQ7kNvwFuLEs0&_nc_gid=p6jt5gSsDhnsOIc1yw3tcg&edm=APQMUHMBAAAA&ccb=7-5&oh=00_AfLYKcNq2Ihxgjh8SEkIyNjr1FE7rMz9OGix97bxlqSqFA&oe=6831D8FB&_nc_sid=6ff7c8
jiggledancestudio,https://scontent-lim1-1.cdninstagram.com/v/t51.2885-19/465942109_565766542670264_6438154736648815639_n.jpg?stp=dst-jpg_s150x150_tt6&_nc_ht=scontent-lim1-1.cdninstagram.com&_nc_cat=108&_nc_oc=Q6cZ2QEsqbpuULvv-h9jFrIU-CdD8BEIRdIE0y7mLdXpug_O8L8bb5BnlFTLBuq1Yd5MMi0&_nc_ohc=dg0y8Vf6NNwQ7kNvwE2c4Sa&_nc_gid=p6jt5gSsDhnsOIc1yw3tcg&edm=APQMUHMBAAAA&ccb=7-5&oh=00_AfKVDskwRuHsXn36DddxquwJFvuqaSjebWHRLOjMfenaAA&oe=6831F5E2&_nc_sid=6ff7c8
liz.villarreal7,https://scontent-lim1-1.cdninstagram.com/v/t51.2885-19/497077581_18497900914008935_3323057867996149938_n.jpg?stp=dst-jpg_s150x150_tt6&_nc_ht=scontent-lim1-1.cdninstagram.com&_nc_cat=111&_nc_oc=Q6cZ2QEsqbpuULvv-h9jFrIU-CdD8BEIRdIE0y7mLdXpug_O8L8bb5BnlFTLBuq1Yd5MMi0&_nc_ohc=zyqAo6m2MS0Q7kNvwFP7wmU&_nc_gid=p6jt5gSsDhnsOIc1yw3tcg&edm=APQMUHMBAAAA&ccb=7-5&oh=00_AfLMopZh4mgDFU6cDYx5Fm4zcQrcT49QP6pfQnHOUzAX5Q&oe=6831EB74&_nc_sid=6ff7c8
mirandabvian,https://scontent-lim1-1.cdninstagram.com/v/t51.2885-19/469746480_1302677677537127_135815655901361768_n.jpg?stp=dst-jpg_s150x150_tt6&_nc_ht=scontent-lim1-1.cdninstagram.com&_nc_cat=111&_nc_oc=Q6cZ2QEsqbpuULvv-h9jFrIU-CdD8BEIRdIE0y7mLdXpug_O8L8bb5BnlFTLBuq1Yd5MMi0&_nc_ohc=ogx1HsY9FsIQ7kNvwGBpsuk&_nc_gid=p6jt5gSsDhnsOIc1yw3tcg&edm=APQMUHMBAAAA&ccb=7-5&oh=00_AfJ8SShq5dTbDSqXvY1A5ZWXXYnXMs9tZiBmKZXPOYz1Yw&oe=6831CD36&_nc_sid=6ff7c8
jorgewarnerfotografia,https://scontent-lim1-1.cdninstagram.com/v/t51.2885-19/275695496_318517233485342_5403776235734419096_n.jpg?stp=dst-jpg_s150x150_tt6&_nc_ht=scontent-lim1-1.cdninstagram.com&_nc_cat=102&_nc_oc=Q6cZ2QFPhF0XLCgURMG8QWARM2QbloD38lm4SmSzuFeYSFd1HVHUtnqb4sBX8AiW962L6uE&_nc_ohc=QxQd9bAcAr4Q7kNvwFWjeh3&_nc_gid=Y0YO7_0fPAl4MtBvX756rQ&edm=APQMUHMBAAAA&ccb=7-5&oh=00_AfJPJQNRabv8eeN1asKh3sbni5x3y6YQlHTBAZU-5P4OjQ&oe=6831F8A6&_nc_sid=6ff7c8
movimientonaturaltj,https://scontent-lim1-1.cdninstagram.com/v/t51.2885-19/424630520_373697345278015_175381642391098760_n.jpg?stp=dst-jpg_s150x150_tt6&_nc_ht=scontent-lim1-1.cdninstagram.com&_nc_cat=107&_nc_oc=Q6cZ2QFPhF0XLCgURMG8QWARM2QbloD38lm4SmSzuFeYSFd1HVHUtnqb4sBX8AiW962L6uE&_nc_ohc=RIjqoD_eoJkQ7kNvwFy41Xs&_nc_gid=Y0YO7_0fPAl4MtBvX756rQ&edm=APQMUHMBAAAA&ccb=7-5&oh=00_AfLmGsuoEhGa9xGyGkvovifVmsvzGfg3pM1gwnKSKVrLMQ&oe=6831DDB8&_nc_sid=6ff7c8
aidee__fantassy,https://scontent-lim1-1.cdninstagram.com/v/t51.2885-19/475281028_2593818280807655_2654823010211191341_n.jpg?stp=dst-jpg_s150x150_tt6&_nc_ht=scontent-lim1-1.cdninstagram.com&_nc_cat=111&_nc_oc=Q6cZ2QFPhF0XLCgURMG8QWARM2QbloD38lm4SmSzuFeYSFd1HVHUtnqb4sBX8AiW962L6uE&_nc_ohc=wzkCDBPz1fUQ7kNvwFlRWbQ&_nc_gid=Y0YO7_0fPAl4MtBvX756rQ&edm=APQMUHMBAAAA&ccb=7-5&oh=00_AfJAiu2VLupBJ-Mme7uUrv9LfiV-gx_GY6UFMZYC9Rwh8Q&oe=6831E045&_nc_sid=6ff7c8
z_beets,https://scontent-lim1-1.cdninstagram.com/v/t51.2885-19/459529565_946319017307173_6095484091756449580_n.jpg?stp=dst-jpg_s150x150_tt6&_nc_ht=scontent-lim1-1.cdninstagram.com&_nc_cat=101&_nc_oc=Q6cZ2QFPhF0XLCgURMG8QWARM2QbloD38lm4SmSzuFeYSFd1HVHUtnqb4sBX8AiW962L6uE&_nc_ohc=TOQOHx_FCDcQ7kNvwEUNzjT&_nc_gid=Y0YO7_0fPAl4MtBvX756rQ&edm=APQMUHMBAAAA&ccb=7-5&oh=00_AfLO6lHCZWUhmucPycrVSKb80BkLi5BUgOCLMET2o-Z7IA&oe=6831F818&_nc_sid=6ff7c8
bereflores02,https://scontent-lim1-1.cdninstagram.com/v/t51.2885-19/437989848_948901526729540_7979591028588912758_n.jpg?stp=dst-jpg_s150x150_tt6&_nc_ht=scontent-lim1-1.cdninstagram.com&_nc_cat=108&_nc_oc=Q6cZ2QFPhF0XLCgURMG8QWARM2QbloD38lm4SmSzuFeYSFd1HVHUtnqb4sBX8AiW962L6uE&_nc_ohc=hDDThmX2jY8Q7kNvwGrRuhK&_nc_gid=Y0YO7_0fPAl4MtBvX756rQ&edm=APQMUHMBAAAA&ccb=7-5&oh=00_AfLs6Zp7LT5IxTog13cVla6tJvWksO5T3gZew8Qyceag_A&oe=6831D589&_nc_sid=6ff7c8
zyan_armenta,https://scontent-lim1-1.cdninstagram.com/v/t51.2885-19/475654409_1324045885297852_8511444506562281319_n.jpg?stp=dst-jpg_s150x150_tt6&_nc_ht=scontent-lim1-1.cdninstagram.com&_nc_cat=104&_nc_oc=Q6cZ2QFPhF0XLCgURMG8QWARM2QbloD38lm4SmSzuFeYSFd1HVHUtnqb4sBX8AiW962L6uE&_nc_ohc=X1qjFt1ETc8Q7kNvwFOXxsZ&_nc_gid=Y0YO7_0fPAl4MtBvX756rQ&edm=APQMUHMBAAAA&ccb=7-5&oh=00_AfL0A-bd84nir3Jp0MuL9v8Xdjg4EuGUPVtEEDVd5OSgHA&oe=6831ED6F&_nc_sid=6ff7c8
la_paam,https://scontent-lim1-1.cdninstagram.com/v/t51.2885-19/498019498_18056268395196214_8838428557880167625_n.jpg?stp=dst-jpg_s150x150_tt6&_nc_ht=scontent-lim1-1.cdninstagram.com&_nc_cat=110&_nc_oc=Q6cZ2QFPhF0XLCgURMG8QWARM2QbloD38lm4SmSzuFeYSFd1HVHUtnqb4sBX8AiW962L6uE&_nc_ohc=CGaUdtcp7vwQ7kNvwFrnVxp&_nc_gid=Y0YO7_0fPAl4MtBvX756rQ&edm=APQMUHMBAAAA&ccb=7-5&oh=00_AfJAXkq6sqGEHw7A1ExFUNbSGoR-BkoM1pkM9ooNgoGDRg&oe=6831DAA9&_nc_sid=6ff7c8
gyalyay,https://scontent-lim1-1.cdninstagram.com/v/t51.2885-19/489607442_1139835154562559_8009111498660457668_n.jpg?stp=dst-jpg_s150x150_tt6&_nc_ht=scontent-lim1-1.cdninstagram.com&_nc_cat=103&_nc_oc=Q6cZ2QFPhF0XLCgURMG8QWARM2QbloD38lm4SmSzuFeYSFd1HVHUtnqb4sBX8AiW962L6uE&_nc_ohc=5a0JBdWWZZgQ7kNvwHAgYWJ&_nc_gid=Y0YO7_0fPAl4MtBvX756rQ&edm=APQMUHMBAAAA&ccb=7-5&oh=00_AfL-EJpZfj84D2MONyh0YStKggCURWICVPdPpcRSUPKitQ&oe=6831EEFC&_nc_sid=6ff7c8
ella_muy_feliz,https://scontent-lim1-1.cdninstagram.com/v/t51.2885-19/106122808_3351385181615678_5238724320578208562_n.jpg?stp=dst-jpg_s150x150_tt6&_nc_ht=scontent-lim1-1.cdninstagram.com&_nc_cat=102&_nc_oc=Q6cZ2QFPhF0XLCgURMG8QWARM2QbloD38lm4SmSzuFeYSFd1HVHUtnqb4sBX8AiW962L6uE&_nc_ohc=7l_oV5RIvs8Q7kNvwGxqhyL&_nc_gid=Y0YO7_0fPAl4MtBvX756rQ&edm=APQMUHMBAAAA&ccb=7-5&oh=00_AfIaTJ28wxKojfUDVZatrGGmhvBepUg5feIaqd2kT10Puw&oe=6831E5DC&_nc_sid=6ff7c8
monchobm,https://scontent-lim1-1.cdninstagram.com/v/t51.2885-19/448347397_1598797054031759_1946956729385559837_n.jpg?stp=dst-jpg_s150x150_tt6&_nc_ht=scontent-lim1-1.cdninstagram.com&_nc_cat=111&_nc_oc=Q6cZ2QEtmPxq1oLpjCTN9TuwXUz-Fl0XK6sNkXZntvIf1hBeLuk_rsCZmV482v8Yd7zh3Ms&_nc_ohc=9rtycTmX8y0Q7kNvwFCgP8i&_nc_gid=2JLqFSsRBELMB1IJDFTYxg&edm=APQMUHMBAAAA&ccb=7-5&oh=00_AfKeqwCVMO6mT1uxpyd724oKpljxLNJgLgBm8G3yz7qSkQ&oe=6831CBD9&_nc_sid=6ff7c8
annycsv,https://scontent-lim1-1.cdninstagram.com/v/t51.2885-19/468361791_1140166197673273_397285494755848834_n.jpg?stp=dst-jpg_s150x150_tt6&_nc_ht=scontent-lim1-1.cdninstagram.com&_nc_cat=101&_nc_oc=Q6cZ2QFRFu54p3VVfETgk96K2iEXfFOrP83AKTrxCrXA83Zsw2jnF5R1Ce_jX0imeuMtyHA&_nc_ohc=2tH_dp-iwH0Q7kNvwFm1FLH&_nc_gid=ao6qaqfug9lMRRYBdSE8bw&edm=APQMUHMBAAAA&ccb=7-5&oh=00_AfJGeE1fR0mr6s0N-U1weCT0XID0uuz8TsXYUy-4rgL9LQ&oe=6831CD3E&_nc_sid=6ff7c8
fernandasuar08,https://scontent-lim1-1.cdninstagram.com/v/t51.2885-19/98407179_914909359028268_2108232976968974336_n.jpg?stp=dst-jpg_s150x150_tt6&_nc_ht=scontent-lim1-1.cdninstagram.com&_nc_cat=100&_nc_oc=Q6cZ2QEtmPxq1oLpjCTN9TuwXUz-Fl0XK6sNkXZntvIf1hBeLuk_rsCZmV482v8Yd7zh3Ms&_nc_ohc=9NgXLG3qN7kQ7kNvwHsi3w5&_nc_gid=2JLqFSsRBELMB1IJDFTYxg&edm=APQMUHMBAAAA&ccb=7-5&oh=00_AfL66ZZFKiiGnedr4IbFJfRAKLGDSF-dRjx24kB5PXAqYA&oe=6831D7DC&_nc_sid=6ff7c8
lesliemendoza,https://scontent-lim1-1.cdninstagram.com/v/t51.2885-19/454252553_1159436525348010_4841644410469763970_n.jpg?stp=dst-jpg_s150x150_tt6&_nc_ht=scontent-lim1-1.cdninstagram.com&_nc_cat=106&_nc_oc=Q6cZ2QFRFu54p3VVfETgk96K2iEXfFOrP83AKTrxCrXA83Zsw2jnF5R1Ce_jX0imeuMtyHA&_nc_ohc=dbUNmiRCKTIQ7kNvwHCAvag&_nc_gid=ao6qaqfug9lMRRYBdSE8bw&edm=APQMUHMBAAAA&ccb=7-5&oh=00_AfLC16fY5yV7W8X0Csllyhdws4LpDVt3lMx44y_LfYBLQA&oe=6831D95D&_nc_sid=6ff7c8
luismiguelgonzalez65,https://scontent-lim1-1.cdninstagram.com/v/t51.2885-19/460457864_2241769192853871_4102561746576139469_n.jpg?stp=dst-jpg_s150x150_tt6&_nc_ht=scontent-lim1-1.cdninstagram.com&_nc_cat=103&_nc_oc=Q6cZ2QEtmPxq1oLpjCTN9TuwXUz-Fl0XK6sNkXZntvIf1hBeLuk_rsCZmV482v8Yd7zh3Ms&_nc_ohc=lRxI87DyOxcQ7kNvwE6G3ld&_nc_gid=2JLqFSsRBELMB1IJDFTYxg&edm=APQMUHMBAAAA&ccb=7-5&oh=00_AfLrTAaiHNb1YHCnKgqq1KR7z0JHlUXj_-Yy_mWyn4LaJw&oe=6831D845&_nc_sid=6ff7c8
nereidacastellanos,https://scontent-lim1-1.cdninstagram.com/v/t51.2885-19/308690253_619091993048595_8581696561107469008_n.jpg?stp=dst-jpg_s150x150_tt6&_nc_ht=scontent-lim1-1.cdninstagram.com&_nc_cat=103&_nc_oc=Q6cZ2QEtmPxq1oLpjCTN9TuwXUz-Fl0XK6sNkXZntvIf1hBeLuk_rsCZmV482v8Yd7zh3Ms&_nc_ohc=5vx3j9aqI5IQ7kNvwECUQy3&_nc_gid=2JLqFSsRBELMB1IJDFTYxg&edm=APQMUHMBAAAA&ccb=7-5&oh=00_AfJn3RzKU-Yb7jBsF6u-b9qvZ6OyeaBcRyAPp1Sg-nePFQ&oe=6831C6E9&_nc_sid=6ff7c8
aline_ruizzz98,https://scontent-lim1-1.cdninstagram.com/v/t51.2885-19/475234632_2084581745393145_3252233317423480511_n.jpg?stp=dst-jpg_s150x150_tt6&_nc_ht=scontent-lim1-1.cdninstagram.com&_nc_cat=109&_nc_oc=Q6cZ2QEtmPxq1oLpjCTN9TuwXUz-Fl0XK6sNkXZntvIf1hBeLuk_rsCZmV482v8Yd7zh3Ms&_nc_ohc=psOiuVRJ8o4Q7kNvwGXKTCp&_nc_gid=2JLqFSsRBELMB1IJDFTYxg&edm=APQMUHMBAAAA&ccb=7-5&oh=00_AfJkdf6QSVqb0zlBx19Gb-nfzyQwfLg-8CDHKsF25-qTQQ&oe=6831DD00&_nc_sid=6ff7c8
gav059111,https://scontent-lim1-1.cdninstagram.com/v/t51.2885-19/452583587_1222964191918889_7720350941145253958_n.jpg?stp=dst-jpg_s150x150_tt6&_nc_ht=scontent-lim1-1.cdninstagram.com&_nc_cat=105&_nc_oc=Q6cZ2QEtmPxq1oLpjCTN9TuwXUz-Fl0XK6sNkXZntvIf1hBeLuk_rsCZmV482v8Yd7zh3Ms&_nc_ohc=UeYYmC1VU3MQ7kNvwF0YR7E&_nc_gid=2JLqFSsRBELMB1IJDFTYxg&edm=APQMUHMBAAAA&ccb=7-5&oh=00_AfI5HSDtgE2ji4ACrQ84Al6ZVIkfu6wOhUYDs0GPyhKFHQ&oe=6831DC47&_nc_sid=6ff7c8
alessa.mzz,https://scontent-lim1-1.cdninstagram.com/v/t51.2885-19/476477890_659293116435822_2723928205372336356_n.jpg?stp=dst-jpg_s150x150_tt6&_nc_ht=scontent-lim1-1.cdninstagram.com&_nc_cat=106&_nc_oc=Q6cZ2QFRFu54p3VVfETgk96K2iEXfFOrP83AKTrxCrXA83Zsw2jnF5R1Ce_jX0imeuMtyHA&_nc_ohc=xtTvBX0jlVoQ7kNvwEeeRpN&_nc_gid=ao6qaqfug9lMRRYBdSE8bw&edm=APQMUHMBAAAA&ccb=7-5&oh=00_AfIDQd7c824SD2Yga5sq_p2YRHgNT_G7haygNNVUq8xsxA&oe=6831E302&_nc_sid=6ff7c8
jimenamancillam,https://scontent-lim1-1.cdninstagram.com/v/t51.2885-19/159948073_111696494314888_1916831381136128484_n.jpg?stp=dst-jpg_s150x150_tt6&_nc_ht=scontent-lim1-1.cdninstagram.com&_nc_cat=104&_nc_oc=Q6cZ2QFRFu54p3VVfETgk96K2iEXfFOrP83AKTrxCrXA83Zsw2jnF5R1Ce_jX0imeuMtyHA&_nc_ohc=1AT2STwVc9AQ7kNvwEREu3T&_nc_gid=ao6qaqfug9lMRRYBdSE8bw&edm=APQMUHMBAAAA&ccb=7-5&oh=00_AfJcQX2gt_KOOQh05Wj4A47ifsCRVtV6LC7hthndTOJi7g&oe=6831CEF1&_nc_sid=6ff7c8
jesus.official15,https://scontent-lim1-1.cdninstagram.com/v/t51.2885-19/414483469_397866405911631_2802627439316631255_n.jpg?stp=dst-jpg_s150x150_tt6&_nc_ht=scontent-lim1-1.cdninstagram.com&_nc_cat=103&_nc_oc=Q6cZ2QFRFu54p3VVfETgk96K2iEXfFOrP83AKTrxCrXA83Zsw2jnF5R1Ce_jX0imeuMtyHA&_nc_ohc=REKOkp7bRdQQ7kNvwFVAhnl&_nc_gid=ao6qaqfug9lMRRYBdSE8bw&edm=APQMUHMBAAAA&ccb=7-5&oh=00_AfJAJQaIfX_57Xz6uAocwl7SKdJyk9hHeJMy9J1sic4MOw&oe=6831C6FC&_nc_sid=6ff7c8
fergiecamachod,https://scontent-lim1-1.cdninstagram.com/v/t51.2885-19/494837548_18505025287009243_839052172089739620_n.jpg?stp=dst-jpg_s150x150_tt6&_nc_ht=scontent-lim1-1.cdninstagram.com&_nc_cat=107&_nc_oc=Q6cZ2QFRFu54p3VVfETgk96K2iEXfFOrP83AKTrxCrXA83Zsw2jnF5R1Ce_jX0imeuMtyHA&_nc_ohc=0r48l_35H94Q7kNvwF3QjIP&_nc_gid=ao6qaqfug9lMRRYBdSE8bw&edm=APQMUHMBAAAA&ccb=7-5&oh=00_AfIglAdVhfszetL8aANoIxrQ1f2WZiUJW9z6NNJ50Ermiw&oe=6831D060&_nc_sid=6ff7c8
edwdub,https://scontent-lim1-1.cdninstagram.com/v/t51.2885-19/11252367_1474040936251441_612240278_a.jpg?stp=dst-jpg_s150x150_tt6&_nc_ht=scontent-lim1-1.cdninstagram.com&_nc_cat=101&_nc_oc=Q6cZ2QFRFu54p3VVfETgk96K2iEXfFOrP83AKTrxCrXA83Zsw2jnF5R1Ce_jX0imeuMtyHA&_nc_ohc=CUMn7nwwo8IQ7kNvwEj9-Da&_nc_gid=ao6qaqfug9lMRRYBdSE8bw&edm=APQMUHMBAAAA&ccb=7-5&oh=00_AfKpJqAic8jQOzFH25q5C-E5JR07KlipRRm03X7p8-73ag&oe=6831CBDC&_nc_sid=6ff7c8
yoly_esya,https://scontent-lim1-1.cdninstagram.com/v/t51.2885-19/466414625_1530661280983588_4821610460374496626_n.jpg?stp=dst-jpg_s150x150_tt6&_nc_ht=scontent-lim1-1.cdninstagram.com&_nc_cat=104&_nc_oc=Q6cZ2QFRFu54p3VVfETgk96K2iEXfFOrP83AKTrxCrXA83Zsw2jnF5R1Ce_jX0imeuMtyHA&_nc_ohc=APUlvQWgJIYQ7kNvwFWFS8y&_nc_gid=ao6qaqfug9lMRRYBdSE8bw&edm=APQMUHMBAAAA&ccb=7-5&oh=00_AfKM3LjAWzedhZhXMiqh8vHD-NXNCNH9dgG1PL2WnzxCkA&oe=6831E9D0&_nc_sid=6ff7c8
brendols,https://scontent-lim1-1.cdninstagram.com/v/t51.2885-19/479362586_598319269699875_3613829333326012525_n.jpg?stp=dst-jpg_s150x150_tt6&_nc_ht=scontent-lim1-1.cdninstagram.com&_nc_cat=103&_nc_oc=Q6cZ2QFRFu54p3VVfETgk96K2iEXfFOrP83AKTrxCrXA83Zsw2jnF5R1Ce_jX0imeuMtyHA&_nc_ohc=a07-Ji3OlXQQ7kNvwEy1Say&_nc_gid=ao6qaqfug9lMRRYBdSE8bw&edm=APQMUHMBAAAA&ccb=7-5&oh=00_AfK7dMYZH9ZRLdVCbUswzFVUzd0NEy7rFWuNhvjnx16dgA&oe=6831ED20&_nc_sid=6ff7c8
eridepando,https://scontent-lim1-1.cdninstagram.com/v/t51.2885-19/490295318_1767291317164089_6358606379489203987_n.jpg?stp=dst-jpg_s150x150_tt6&_nc_ht=scontent-lim1-1.cdninstagram.com&_nc_cat=109&_nc_oc=Q6cZ2QFRFu54p3VVfETgk96K2iEXfFOrP83AKTrxCrXA83Zsw2jnF5R1Ce_jX0imeuMtyHA&_nc_ohc=YIfwe2w11I4Q7kNvwFXVxia&_nc_gid=ao6qaqfug9lMRRYBdSE8bw&edm=APQMUHMBAAAA&ccb=7-5&oh=00_AfInL3Nam02Rg2UKHDFXaV94AdiTuM02J0wcW9MMbTH2lg&oe=6831CCC9&_nc_sid=6ff7c8
ariteran80,https://scontent-lim1-1.cdninstagram.com/v/t51.2885-19/21981125_152593615334948_4383524926028513280_n.jpg?stp=dst-jpg_s150x150_tt6&_nc_ht=scontent-lim1-1.cdninstagram.com&_nc_cat=108&_nc_oc=Q6cZ2QFRFu54p3VVfETgk96K2iEXfFOrP83AKTrxCrXA83Zsw2jnF5R1Ce_jX0imeuMtyHA&_nc_ohc=cHVuB25phVMQ7kNvwHEaH8h&_nc_gid=ao6qaqfug9lMRRYBdSE8bw&edm=APQMUHMBAAAA&ccb=7-5&oh=00_AfIzYfdkV8P7m8UE8hmCOILQcIVH0Hoh4nNwO_SH0gpspg&oe=6831E236&_nc_sid=6ff7c8
hey.phanie,https://scontent-lim1-1.cdninstagram.com/v/t51.2885-19/495944389_18462377014075433_4922546770087605056_n.jpg?stp=dst-jpg_s150x150_tt6&_nc_ht=scontent-lim1-1.cdninstagram.com&_nc_cat=105&_nc_oc=Q6cZ2QFRFu54p3VVfETgk96K2iEXfFOrP83AKTrxCrXA83Zsw2jnF5R1Ce_jX0imeuMtyHA&_nc_ohc=M7-yezDrXNYQ7kNvwHNO7p8&_nc_gid=ao6qaqfug9lMRRYBdSE8bw&edm=APQMUHMBAAAA&ccb=7-5&oh=00_AfIAFdJa2KfQKKVvWxSaypk39r3g8FSkTxwHALvnrDS0aA&oe=6831F7A4&_nc_sid=6ff7c8
shankiramos,https://scontent-lim1-1.cdninstagram.com/v/t51.2885-19/428468789_1677618309440052_5285186402014109262_n.jpg?stp=dst-jpg_s150x150_tt6&_nc_ht=scontent-lim1-1.cdninstagram.com&_nc_cat=100&_nc_oc=Q6cZ2QF4b0je9FeuNqx85ZojE0Tq9DJbLlprMNNF4Zz64id7efVVL8hixefegkX9DycpuHc&_nc_ohc=c6s3yKlmGtMQ7kNvwF-dtIt&_nc_gid=RrWDWC1PLJc11LOE2-5uXg&edm=APQMUHMBAAAA&ccb=7-5&oh=00_AfLDkoebPj-XgqYSrnPz-zTwiyc4G_GfIKoGEhP9MjctnA&oe=6831F1CB&_nc_sid=6ff7c8
pacoestrada_98,https://scontent-lim1-1.cdninstagram.com/v/t51.2885-19/480608722_2750796935099271_7207455991158530550_n.jpg?stp=dst-jpg_s150x150_tt6&_nc_ht=scontent-lim1-1.cdninstagram.com&_nc_cat=103&_nc_oc=Q6cZ2QF4b0je9FeuNqx85ZojE0Tq9DJbLlprMNNF4Zz64id7efVVL8hixefegkX9DycpuHc&_nc_ohc=x5ME6-gBtNoQ7kNvwGXjxz-&_nc_gid=RrWDWC1PLJc11LOE2-5uXg&edm=APQMUHMBAAAA&ccb=7-5&oh=00_AfJA6zAPE2ciuyw5E7eP-HBzfdzMLPxQ8WV8S5SDc1qbJg&oe=6831E6E1&_nc_sid=6ff7c8
norita_ema_,https://scontent-lim1-1.cdninstagram.com/v/t51.2885-19/414280053_1429443574335176_5797804746382684513_n.jpg?stp=dst-jpg_s150x150_tt6&_nc_ht=scontent-lim1-1.cdninstagram.com&_nc_cat=108&_nc_oc=Q6cZ2QF4b0je9FeuNqx85ZojE0Tq9DJbLlprMNNF4Zz64id7efVVL8hixefegkX9DycpuHc&_nc_ohc=1b4OhQj9wzYQ7kNvwHpvvyG&_nc_gid=RrWDWC1PLJc11LOE2-5uXg&edm=APQMUHMBAAAA&ccb=7-5&oh=00_AfLWA9Ye3GzLfz75hZ3aOzC9D2RNK-l7r4k87lY4saCv_g&oe=6831D1AB&_nc_sid=6ff7c8
laag_13,https://scontent-lim1-1.cdninstagram.com/v/t51.2885-19/345527185_1057177002336077_2113457916263226484_n.jpg?stp=dst-jpg_s150x150_tt6&_nc_ht=scontent-lim1-1.cdninstagram.com&_nc_cat=105&_nc_oc=Q6cZ2QF4b0je9FeuNqx85ZojE0Tq9DJbLlprMNNF4Zz64id7efVVL8hixefegkX9DycpuHc&_nc_ohc=fI9bTRQuT0QQ7kNvwHvxTwl&_nc_gid=RrWDWC1PLJc11LOE2-5uXg&edm=APQMUHMBAAAA&ccb=7-5&oh=00_AfI3vY0npfibLqwJpBtERc8AXCPAUWyNJVK5J3-e_0ZW8Q&oe=6831E95B&_nc_sid=6ff7c8
alejandrocampos1651,https://scontent-atl3-1.cdninstagram.com/v/t51.2885-19/464760996_1254146839119862_3605321457742435801_n.png?stp=dst-jpg_e0_s150x150_tt6&cb=8577c754-c2464923&_nc_ht=scontent-atl3-1.cdninstagram.com&_nc_cat=1&_nc_oc=Q6cZ2QHPzJ54COY70lMsQv0ODo5MY8LEpNosN5_jpROgn7WwnfR3VeAThx2XbYmvybdoKYQ&_nc_ohc=bcZlu0dd8xgQ7kNvwGMa3Id&_nc_gid=JOiym-6AUnSg8XShPdlVHw&edm=AFs-eF8BAAAA&ccb=7-5&ig_cache_key=YW5vbnltb3VzX3Byb2ZpbGVfcGlj.3-ccb7-5-cb8577c754-c2464923&oh=00_AfJDlXzRYHpKsQ-J9aknLWezszY2ckPhw8cFa1RwF_g2Pg&oe=6831E028&_nc_sid=72eed0
fituverse,https://scontent-lim1-1.cdninstagram.com/v/t51.2885-19/484359641_1176649347170117_1675821528512322388_n.jpg?stp=dst-jpg_s150x150_tt6&_nc_ht=scontent-lim1-1.cdninstagram.com&_nc_cat=105&_nc_oc=Q6cZ2QF4b0je9FeuNqx85ZojE0Tq9DJbLlprMNNF4Zz64id7efVVL8hixefegkX9DycpuHc&_nc_ohc=yTe4Fqnpr2gQ7kNvwHeHIyr&_nc_gid=RrWDWC1PLJc11LOE2-5uXg&edm=APQMUHMBAAAA&ccb=7-5&oh=00_AfIA0vtjmBJlir_WaqV3okDp99uOhRlGzUq7I1xCA9jilw&oe=6831F1DB&_nc_sid=6ff7c8
ale86rdal,https://scontent-lim1-1.cdninstagram.com/v/t51.2885-19/491434211_1295293711553394_3217292225238867662_n.jpg?stp=dst-jpg_s150x150_tt6&_nc_ht=scontent-lim1-1.cdninstagram.com&_nc_cat=106&_nc_oc=Q6cZ2QF4b0je9FeuNqx85ZojE0Tq9DJbLlprMNNF4Zz64id7efVVL8hixefegkX9DycpuHc&_nc_ohc=Wh_-DS8u2owQ7kNvwEicsb-&_nc_gid=RrWDWC1PLJc11LOE2-5uXg&edm=APQMUHMBAAAA&ccb=7-5&oh=00_AfJmKagR2EaG64tMnQOB0LetxObB5g1b_CSTRIQ3oa8CCg&oe=6831D163&_nc_sid=6ff7c8
editharguet,https://scontent-lim1-1.cdninstagram.com/v/t51.2885-19/69485780_492290541325244_4999254164887306240_n.jpg?stp=dst-jpg_s150x150_tt6&_nc_ht=scontent-lim1-1.cdninstagram.com&_nc_cat=108&_nc_oc=Q6cZ2QEs1ahQO8cht0cYlZspFUtptI-AkU_59hyL_o9mfgks-9evinkpF5dE89JnZzlCfs8&_nc_ohc=WZjy_ReXkjcQ7kNvwHLzrVl&_nc_gid=f2VlcixsEV9jiDP8Vb1iZA&edm=APQMUHMBAAAA&ccb=7-5&oh=00_AfLLSKr0mcn0pNBjUlOk9cjQcbOK6Gv644WdWSEHwKjAMQ&oe=6831E780&_nc_sid=6ff7c8
y15sss,https://scontent-lim1-1.cdninstagram.com/v/t51.2885-19/382922146_337886055419777_1305074350939216510_n.jpg?stp=dst-jpg_s150x150_tt6&_nc_ht=scontent-lim1-1.cdninstagram.com&_nc_cat=105&_nc_oc=Q6cZ2QEs1ahQO8cht0cYlZspFUtptI-AkU_59hyL_o9mfgks-9evinkpF5dE89JnZzlCfs8&_nc_ohc=B-ehNc9TQagQ7kNvwE5Ws-Q&_nc_gid=f2VlcixsEV9jiDP8Vb1iZA&edm=APQMUHMBAAAA&ccb=7-5&oh=00_AfJ5VDiqW1HA455k_cnHAegxzzj9OzJxY6NNT1V3Jue9Hg&oe=6831C8B3&_nc_sid=6ff7c8
montserosales11,https://scontent-lim1-1.cdninstagram.com/v/t51.2885-19/391048589_348829144231066_729701763350658286_n.jpg?stp=dst-jpg_s150x150_tt6&_nc_ht=scontent-lim1-1.cdninstagram.com&_nc_cat=110&_nc_oc=Q6cZ2QEs1ahQO8cht0cYlZspFUtptI-AkU_59hyL_o9mfgks-9evinkpF5dE89JnZzlCfs8&_nc_ohc=sd7gpXBZ470Q7kNvwET8xP6&_nc_gid=f2VlcixsEV9jiDP8Vb1iZA&edm=APQMUHMBAAAA&ccb=7-5&oh=00_AfKAUg-EO4nu-uG7vHyWnQ1nj2xIKx7aKZ7Sep9w956xCw&oe=6831CA7E&_nc_sid=6ff7c8
sanchezverenize,https://scontent-lim1-1.cdninstagram.com/v/t51.2885-19/345020268_2211563885697649_2736874089982298728_n.jpg?stp=dst-jpg_s150x150_tt6&_nc_ht=scontent-lim1-1.cdninstagram.com&_nc_cat=101&_nc_oc=Q6cZ2QEs1ahQO8cht0cYlZspFUtptI-AkU_59hyL_o9mfgks-9evinkpF5dE89JnZzlCfs8&_nc_ohc=OvshQPB6dF4Q7kNvwFwCzi0&_nc_gid=f2VlcixsEV9jiDP8Vb1iZA&edm=APQMUHMBAAAA&ccb=7-5&oh=00_AfIbatWTsmR8sHMBBNlp2spXvWEG5QG4pVFgFRE0wb0QlA&oe=6831D377&_nc_sid=6ff7c8
emmatrebol,https://scontent-lim1-1.cdninstagram.com/v/t51.2885-19/474557473_2905652189609696_3381810900316514230_n.jpg?stp=dst-jpg_s150x150_tt6&_nc_ht=scontent-lim1-1.cdninstagram.com&_nc_cat=108&_nc_oc=Q6cZ2QEs1ahQO8cht0cYlZspFUtptI-AkU_59hyL_o9mfgks-9evinkpF5dE89JnZzlCfs8&_nc_ohc=PjEkcgShnbcQ7kNvwEKYqlr&_nc_gid=f2VlcixsEV9jiDP8Vb1iZA&edm=APQMUHMBAAAA&ccb=7-5&oh=00_AfK-3st9aCcRBLP-NFBUAZBDWQOC4OmQh3-lvgy_ilF6QA&oe=6831D4B3&_nc_sid=6ff7c8
maheza_wuich0,https://scontent-lim1-1.cdninstagram.com/v/t51.2885-19/497751198_18502156042016769_4808027261180206942_n.jpg?stp=dst-jpg_s150x150_tt6&_nc_ht=scontent-lim1-1.cdninstagram.com&_nc_cat=109&_nc_oc=Q6cZ2QEs1ahQO8cht0cYlZspFUtptI-AkU_59hyL_o9mfgks-9evinkpF5dE89JnZzlCfs8&_nc_ohc=Tb_MNG3YHEQQ7kNvwGwSJB1&_nc_gid=f2VlcixsEV9jiDP8Vb1iZA&edm=APQMUHMBAAAA&ccb=7-5&oh=00_AfJsQg6kudafk3UyR6cdd4fAPWmPcRNuV-cd_8d9_rIEDQ&oe=6831EA65&_nc_sid=6ff7c8
miss_preguntas,https://scontent-lim1-1.cdninstagram.com/v/t51.2885-19/449108243_2155132884866531_1407183266589870434_n.jpg?stp=dst-jpg_s150x150_tt6&_nc_ht=scontent-lim1-1.cdninstagram.com&_nc_cat=111&_nc_oc=Q6cZ2QEs1ahQO8cht0cYlZspFUtptI-AkU_59hyL_o9mfgks-9evinkpF5dE89JnZzlCfs8&_nc_ohc=PZ6hsf0ZoUcQ7kNvwE0zRSy&_nc_gid=f2VlcixsEV9jiDP8Vb1iZA&edm=APQMUHMBAAAA&ccb=7-5&oh=00_AfIgZBzumLE2XKEf36Mb1xri2QXv308BqH6C_W5ggZ-9ow&oe=6831EB5F&_nc_sid=6ff7c8
twerkconreg,https://scontent-lim1-1.cdninstagram.com/v/t51.2885-19/478768679_600608292935879_3852132639504022108_n.jpg?stp=dst-jpg_s150x150_tt6&_nc_ht=scontent-lim1-1.cdninstagram.com&_nc_cat=111&_nc_oc=Q6cZ2QFrPfix1tslB4ycCnKJe6gYcpoAG42JHttpKICyuM_jULJYHx-jVLVx_tSMWiQZJg0&_nc_ohc=XzhDrPaRnAMQ7kNvwGZ4KlJ&_nc_gid=Np3olgVWugc3HK_IF52BTA&edm=APQMUHMBAAAA&ccb=7-5&oh=00_AfJIrtKxJPi-9pr-cxtWSSSNU9E9qVjmEfe9A3Cx6o03Vg&oe=6831E38A&_nc_sid=6ff7c8
unagabbs_,https://scontent-lim1-1.cdninstagram.com/v/t51.2885-19/490570622_18494590051010414_6941817542051161189_n.jpg?stp=dst-jpg_s150x150_tt6&_nc_ht=scontent-lim1-1.cdninstagram.com&_nc_cat=102&_nc_oc=Q6cZ2QFrPfix1tslB4ycCnKJe6gYcpoAG42JHttpKICyuM_jULJYHx-jVLVx_tSMWiQZJg0&_nc_ohc=cjDGFgj-d30Q7kNvwElS3_o&_nc_gid=Np3olgVWugc3HK_IF52BTA&edm=APQMUHMBAAAA&ccb=7-5&oh=00_AfIPRqgw1_EjjpLP30T5hSZjevbutYDfpUyJcY7YPecL6w&oe=6831F043&_nc_sid=6ff7c8
fridafri___,https://scontent-lim1-1.cdninstagram.com/v/t51.2885-19/491443510_18352312420146553_3468612925756827557_n.jpg?stp=dst-jpg_s150x150_tt6&_nc_ht=scontent-lim1-1.cdninstagram.com&_nc_cat=101&_nc_oc=Q6cZ2QFrPfix1tslB4ycCnKJe6gYcpoAG42JHttpKICyuM_jULJYHx-jVLVx_tSMWiQZJg0&_nc_ohc=RByDDmNNnakQ7kNvwHVgSWA&_nc_gid=Np3olgVWugc3HK_IF52BTA&edm=APQMUHMBAAAA&ccb=7-5&oh=00_AfJLz56Ac-hdZu65KU9UDPN-cX1OinT-8K3PihhOrjQxAA&oe=6831DDA1&_nc_sid=6ff7c8
yoaan_gm,https://scontent-lim1-1.cdninstagram.com/v/t51.2885-19/495491163_18304709614214209_3506756971209303208_n.jpg?stp=dst-jpg_s150x150_tt6&_nc_ht=scontent-lim1-1.cdninstagram.com&_nc_cat=101&_nc_oc=Q6cZ2QFrPfix1tslB4ycCnKJe6gYcpoAG42JHttpKICyuM_jULJYHx-jVLVx_tSMWiQZJg0&_nc_ohc=cMjBq71bZtwQ7kNvwE1rfzp&_nc_gid=Np3olgVWugc3HK_IF52BTA&edm=APQMUHMBAAAA&ccb=7-5&oh=00_AfLUr8hntHSBp74qTIJk6B1qXtEwo4zO4d6ipSDeLhvtOQ&oe=6831ECB8&_nc_sid=6ff7c8
gerardochavezbanda,https://scontent-lim1-1.cdninstagram.com/v/t51.2885-19/491424721_18018642848686337_3082331228964864791_n.jpg?stp=dst-jpg_s150x150_tt6&_nc_ht=scontent-lim1-1.cdninstagram.com&_nc_cat=105&_nc_oc=Q6cZ2QFrPfix1tslB4ycCnKJe6gYcpoAG42JHttpKICyuM_jULJYHx-jVLVx_tSMWiQZJg0&_nc_ohc=cGxw3Qf_Xr8Q7kNvwHgZt8H&_nc_gid=Np3olgVWugc3HK_IF52BTA&edm=APQMUHMBAAAA&ccb=7-5&oh=00_AfLnbPn5J5hTDTwzOhP9n-1nHR3r01zTe2go7xcasXowMw&oe=6831DFA1&_nc_sid=6ff7c8
lamafee.77,https://scontent-lim1-1.cdninstagram.com/v/t51.2885-19/497626891_17988997907807071_2876781620360577316_n.jpg?stp=dst-jpg_s150x150_tt6&_nc_ht=scontent-lim1-1.cdninstagram.com&_nc_cat=107&_nc_oc=Q6cZ2QFrPfix1tslB4ycCnKJe6gYcpoAG42JHttpKICyuM_jULJYHx-jVLVx_tSMWiQZJg0&_nc_ohc=1A4vjLNBEkUQ7kNvwGD28Df&_nc_gid=Np3olgVWugc3HK_IF52BTA&edm=APQMUHMBAAAA&ccb=7-5&oh=00_AfJpBVzGEsKPcxUNWebUeO8hq5uOeZivTs3Zz3X0tacCBg&oe=6831F32E&_nc_sid=6ff7c8
rih.hotmma,https://scontent-lim1-1.cdninstagram.com/v/t51.2885-19/425750409_1542036446641078_2675210681876551481_n.jpg?stp=dst-jpg_s150x150_tt6&_nc_ht=scontent-lim1-1.cdninstagram.com&_nc_cat=110&_nc_oc=Q6cZ2QFrPfix1tslB4ycCnKJe6gYcpoAG42JHttpKICyuM_jULJYHx-jVLVx_tSMWiQZJg0&_nc_ohc=9NvTxPn6TLEQ7kNvwGk1gME&_nc_gid=Np3olgVWugc3HK_IF52BTA&edm=APQMUHMBAAAA&ccb=7-5&oh=00_AfJSUuycmn7zK2nkPWrGP8CYSEzUMm9ODn1up9bh70ZXEg&oe=6831D692&_nc_sid=6ff7c8
mecherdzp,https://scontent-lim1-1.cdninstagram.com/v/t51.2885-19/497819953_18502289614049355_3596804646581261089_n.jpg?stp=dst-jpg_s150x150_tt6&_nc_ht=scontent-lim1-1.cdninstagram.com&_nc_cat=103&_nc_oc=Q6cZ2QFrPfix1tslB4ycCnKJe6gYcpoAG42JHttpKICyuM_jULJYHx-jVLVx_tSMWiQZJg0&_nc_ohc=suAl-QCwhdIQ7kNvwHtUYQn&_nc_gid=Np3olgVWugc3HK_IF52BTA&edm=APQMUHMBAAAA&ccb=7-5&oh=00_AfK4NTdArU5mhgyjtEs3s7wPRRxokYajj9pp3uapp8DgYw&oe=6831E64C&_nc_sid=6ff7c8
peachys_house,https://scontent-lim1-1.cdninstagram.com/v/t51.2885-19/428969680_1949064148824749_333943671397204166_n.jpg?stp=dst-jpg_s150x150_tt6&_nc_ht=scontent-lim1-1.cdninstagram.com&_nc_cat=105&_nc_oc=Q6cZ2QFrPfix1tslB4ycCnKJe6gYcpoAG42JHttpKICyuM_jULJYHx-jVLVx_tSMWiQZJg0&_nc_ohc=fEMpN2x40v4Q7kNvwFfQ6ws&_nc_gid=Np3olgVWugc3HK_IF52BTA&edm=APQMUHMBAAAA&ccb=7-5&oh=00_AfKjCtQH-caNYF8wSXi-sMmO_hFWYnWgm3O-dHxaXAN3bw&oe=6831F8D4&_nc_sid=6ff7c8
ale.angeles428,https://scontent-lim1-1.cdninstagram.com/v/t51.2885-19/494911273_18080036992690279_5943116821081377964_n.jpg?stp=dst-jpg_s150x150_tt6&_nc_ht=scontent-lim1-1.cdninstagram.com&_nc_cat=107&_nc_oc=Q6cZ2QFrPfix1tslB4ycCnKJe6gYcpoAG42JHttpKICyuM_jULJYHx-jVLVx_tSMWiQZJg0&_nc_ohc=ULHahevirEIQ7kNvwHFFIr-&_nc_gid=Np3olgVWugc3HK_IF52BTA&edm=APQMUHMBAAAA&ccb=7-5&oh=00_AfLiVW_3evTIUqTxVfd7fSHhAkEVncDQcJi0xUjuZ8oqQg&oe=6831C583&_nc_sid=6ff7c8
dian_diaz2,https://scontent-lim1-1.cdninstagram.com/v/t51.2885-19/486618232_29978591051727964_4418209470624105513_n.jpg?stp=dst-jpg_s150x150_tt6&_nc_ht=scontent-lim1-1.cdninstagram.com&_nc_cat=104&_nc_oc=Q6cZ2QFrPfix1tslB4ycCnKJe6gYcpoAG42JHttpKICyuM_jULJYHx-jVLVx_tSMWiQZJg0&_nc_ohc=xu6LYezOd6gQ7kNvwHTkxg3&_nc_gid=Np3olgVWugc3HK_IF52BTA&edm=APQMUHMBAAAA&ccb=7-5&oh=00_AfLmJ9PzVlEFNvQQmJO-v3EuLCjLfrgEvBsxzO3S6zPOFg&oe=6831F24E&_nc_sid=6ff7c8
andrea.mrtiz,https://scontent-lim1-1.cdninstagram.com/v/t51.2885-19/488871380_612204201821596_6649250811796495101_n.jpg?stp=dst-jpg_s150x150_tt6&_nc_ht=scontent-lim1-1.cdninstagram.com&_nc_cat=104&_nc_oc=Q6cZ2QFrPfix1tslB4ycCnKJe6gYcpoAG42JHttpKICyuM_jULJYHx-jVLVx_tSMWiQZJg0&_nc_ohc=ukRmczxL5tQQ7kNvwGHKLwA&_nc_gid=Np3olgVWugc3HK_IF52BTA&edm=APQMUHMBAAAA&ccb=7-5&oh=00_AfLbtQRfIm3-rBPX5777J1i40KD51T7acPRBu3IWYW7sTQ&oe=6831C6BB&_nc_sid=6ff7c8
yukaree_fy,https://scontent-lim1-1.cdninstagram.com/v/t51.2885-19/477042946_2052886555133290_2587349529584022356_n.jpg?stp=dst-jpg_s150x150_tt6&_nc_ht=scontent-lim1-1.cdninstagram.com&_nc_cat=110&_nc_oc=Q6cZ2QGS86YC3HvUFbXRDL0OLuvbskrvygW1doZNTBVVsJeH7HnmHAQc_d6HJ2qlZM64fhk&_nc_ohc=yT3U02sl1yoQ7kNvwHBIusW&_nc_gid=rc52y5UcRgeFt8JeWq6-5A&edm=APQMUHMBAAAA&ccb=7-5&oh=00_AfIz3AB3BCllI-qeNjn0eo0kXmkmeE2omggAsvATgf2XzQ&oe=6831F7D4&_nc_sid=6ff7c8
purpurafans,https://scontent-lim1-1.cdninstagram.com/v/t51.2885-19/432604663_1116820476318421_2619825073403778314_n.jpg?stp=dst-jpg_s150x150_tt6&_nc_ht=scontent-lim1-1.cdninstagram.com&_nc_cat=101&_nc_oc=Q6cZ2QHznb1i1gROv9r2rcpiTcxI3m7DntLpwOabKQ5k9unj5npSPzRb1uaI_qvNxwlvCe4&_nc_ohc=SCtKe1yZBrAQ7kNvwF1lwF1&_nc_gid=CvTDmINO7idtVVUtarzbWA&edm=APQMUHMBAAAA&ccb=7-5&oh=00_AfJFXtoqLnQt9COiFwudt7hYSQkLpSoycv13EyhpfnHBTQ&oe=6831EC8C&_nc_sid=6ff7c8
its_mfeer,https://scontent-lim1-1.cdninstagram.com/v/t51.2885-19/458503013_8850926108255021_6084886036041792736_n.jpg?stp=dst-jpg_s150x150_tt6&_nc_ht=scontent-lim1-1.cdninstagram.com&_nc_cat=105&_nc_oc=Q6cZ2QGS86YC3HvUFbXRDL0OLuvbskrvygW1doZNTBVVsJeH7HnmHAQc_d6HJ2qlZM64fhk&_nc_ohc=ltSVrH-6mlAQ7kNvwHfCu94&_nc_gid=rc52y5UcRgeFt8JeWq6-5A&edm=APQMUHMBAAAA&ccb=7-5&oh=00_AfK3WLI3tqDiQbaKUs9ogQ-K5VCTzRUlPGueLZSLkaXdYw&oe=6831FAB1&_nc_sid=6ff7c8
lauausten,https://scontent-lim1-1.cdninstagram.com/v/t51.2885-19/71274679_3041726399234491_8936931064337661952_n.jpg?stp=dst-jpg_s150x150_tt6&_nc_ht=scontent-lim1-1.cdninstagram.com&_nc_cat=107&_nc_oc=Q6cZ2QGS86YC3HvUFbXRDL0OLuvbskrvygW1doZNTBVVsJeH7HnmHAQc_d6HJ2qlZM64fhk&_nc_ohc=ORifnFfhq94Q7kNvwHGGiHn&_nc_gid=rc52y5UcRgeFt8JeWq6-5A&edm=APQMUHMBAAAA&ccb=7-5&oh=00_AfJGbqtRY4YWH7AiOklJNsr0kXJnAbHgdlOANrOsPZp4FA&oe=6831C5CA&_nc_sid=6ff7c8
guerrerochristian13,https://scontent-lim1-1.cdninstagram.com/v/t51.2885-19/50523486_379539282876575_7242672075016503296_n.jpg?stp=dst-jpg_s150x150_tt6&_nc_ht=scontent-lim1-1.cdninstagram.com&_nc_cat=111&_nc_oc=Q6cZ2QGS86YC3HvUFbXRDL0OLuvbskrvygW1doZNTBVVsJeH7HnmHAQc_d6HJ2qlZM64fhk&_nc_ohc=PcC4-cMhs2IQ7kNvwF0YywA&_nc_gid=rc52y5UcRgeFt8JeWq6-5A&edm=APQMUHMBAAAA&ccb=7-5&oh=00_AfIyUq0mMQWenJFYZePStlZZzKFlJWp9RpgKnERhnnCJBw&oe=6831D551&_nc_sid=6ff7c8
nashelly.paez,https://scontent-lim1-1.cdninstagram.com/v/t51.2885-19/489345726_1083836900173976_6177178329878796841_n.jpg?stp=dst-jpg_s150x150_tt6&_nc_ht=scontent-lim1-1.cdninstagram.com&_nc_cat=108&_nc_oc=Q6cZ2QHznb1i1gROv9r2rcpiTcxI3m7DntLpwOabKQ5k9unj5npSPzRb1uaI_qvNxwlvCe4&_nc_ohc=nPQecRvjsDwQ7kNvwH6IIKI&_nc_gid=CvTDmINO7idtVVUtarzbWA&edm=APQMUHMBAAAA&ccb=7-5&oh=00_AfJ7Y1LOqRdBBQWZ0vwUa_q5H2i3Cs5w_27W4mLZc_-DlA&oe=6831E28F&_nc_sid=6ff7c8
samanthabeauty.studio,https://scontent-lim1-1.cdninstagram.com/v/t51.2885-19/491438275_947196394153177_7584199265623686487_n.jpg?stp=dst-jpg_s150x150_tt6&_nc_ht=scontent-lim1-1.cdninstagram.com&_nc_cat=101&_nc_oc=Q6cZ2QFvQFAaEn9IZZFIt7K60BVnRm51aBI8m4fBkUMBETog1S0jy1fnNkSG6d3P-7T_ZJk&_nc_ohc=IpOKIrZRZD0Q7kNvwHfxpTk&_nc_gid=NroKI5zN0iRoOTS-IshNLA&edm=APQMUHMBAAAA&ccb=7-5&oh=00_AfLIyZFHFLTJ-nhW6GLep9fNkgw-CU1EshtJLdUQcRhk2g&oe=6831D0F0&_nc_sid=6ff7c8
vane_csv,https://scontent-lim1-1.cdninstagram.com/v/t51.2885-19/482715907_1159328342394832_859587288612430516_n.jpg?stp=dst-jpg_s150x150_tt6&_nc_ht=scontent-lim1-1.cdninstagram.com&_nc_cat=104&_nc_oc=Q6cZ2QHBaIoAczz1nHGxz7GdLurN6nug2EX7s_e09hKzQDt1RtQWdjkIOThpjejK2E-xCjA&_nc_ohc=WYGTdDPMBfsQ7kNvwFRMyH0&_nc_gid=kC6JSyoX60P9LRPzfcwg1g&edm=APQMUHMBAAAA&ccb=7-5&oh=00_AfLZB_KJpXy0wQd6y2KtZgWdiplS76-eBgVpszmC2u502g&oe=6831F907&_nc_sid=6ff7c8
areb08,https://scontent-lim1-1.cdninstagram.com/v/t51.2885-19/495845702_1010445347951985_9116255913984433181_n.jpg?stp=dst-jpg_s150x150_tt6&_nc_ht=scontent-lim1-1.cdninstagram.com&_nc_cat=109&_nc_oc=Q6cZ2QGS86YC3HvUFbXRDL0OLuvbskrvygW1doZNTBVVsJeH7HnmHAQc_d6HJ2qlZM64fhk&_nc_ohc=QyMCrRj1XzoQ7kNvwF4cobm&_nc_gid=rc52y5UcRgeFt8JeWq6-5A&edm=APQMUHMBAAAA&ccb=7-5&oh=00_AfKzRjKqoRnRvjik7Z0qSB30n4lyY6us6CSsU-foG0Dnzw&oe=6831E149&_nc_sid=6ff7c8
xiime_moraales,https://scontent-lim1-1.cdninstagram.com/v/t51.2885-19/496838940_18507569155055411_5956428723531752702_n.jpg?stp=dst-jpg_s150x150_tt6&_nc_ht=scontent-lim1-1.cdninstagram.com&_nc_cat=111&_nc_oc=Q6cZ2QHBaIoAczz1nHGxz7GdLurN6nug2EX7s_e09hKzQDt1RtQWdjkIOThpjejK2E-xCjA&_nc_ohc=8iI6zwQtScYQ7kNvwHkRZJ4&_nc_gid=kC6JSyoX60P9LRPzfcwg1g&edm=APQMUHMBAAAA&ccb=7-5&oh=00_AfKSGiPkq9PQnGIZkTTy6XC7pyNcLGwVt9JdCUIPiHufgw&oe=6831DD86&_nc_sid=6ff7c8
vero_garcia.111,https://scontent-lim1-1.cdninstagram.com/v/t51.2885-19/490589597_9722030517857093_8616915851845562349_n.jpg?stp=dst-jpg_s150x150_tt6&_nc_ht=scontent-lim1-1.cdninstagram.com&_nc_cat=105&_nc_oc=Q6cZ2QHBaIoAczz1nHGxz7GdLurN6nug2EX7s_e09hKzQDt1RtQWdjkIOThpjejK2E-xCjA&_nc_ohc=Ry4lIMKNkQgQ7kNvwHdjD5W&_nc_gid=kC6JSyoX60P9LRPzfcwg1g&edm=APQMUHMBAAAA&ccb=7-5&oh=00_AfKHKgf_3zTHBEZW0ljc-Oqk9prd1GjB_mMKxwIXB2rKZQ&oe=6831E175&_nc_sid=6ff7c8
_payoooo_,https://scontent-lim1-1.cdninstagram.com/v/t51.2885-19/499390768_18507491314029505_2311420127730810678_n.jpg?stp=dst-jpg_s150x150_tt6&_nc_ht=scontent-lim1-1.cdninstagram.com&_nc_cat=101&_nc_oc=Q6cZ2QHBaIoAczz1nHGxz7GdLurN6nug2EX7s_e09hKzQDt1RtQWdjkIOThpjejK2E-xCjA&_nc_ohc=wizw4Mo8CDAQ7kNvwFy27NQ&_nc_gid=kC6JSyoX60P9LRPzfcwg1g&edm=APQMUHMBAAAA&ccb=7-5&oh=00_AfIeEX0Nl-nNyn2F8uI9k-CGtQhUL3fmv3l_zocj1_9Afg&oe=6831EB6D&_nc_sid=6ff7c8
lexa_tad,https://scontent-lim1-1.cdninstagram.com/v/t51.2885-19/470487627_1054548439693648_2682826340872294258_n.jpg?stp=dst-jpg_s150x150_tt6&_nc_ht=scontent-lim1-1.cdninstagram.com&_nc_cat=104&_nc_oc=Q6cZ2QHBaIoAczz1nHGxz7GdLurN6nug2EX7s_e09hKzQDt1RtQWdjkIOThpjejK2E-xCjA&_nc_ohc=vBO2zkuPaAYQ7kNvwFbpPkr&_nc_gid=kC6JSyoX60P9LRPzfcwg1g&edm=APQMUHMBAAAA&ccb=7-5&oh=00_AfID1Eop9SPUuOwEtwr6PYVI_i2mi4vVGf0Ib0KqWtx-iA&oe=6831CD37&_nc_sid=6ff7c8
edith_ibarra,https://scontent-lim1-1.cdninstagram.com/v/t51.2885-19/465102462_8864661810250568_4472144864994472715_n.jpg?stp=dst-jpg_s150x150_tt6&_nc_ht=scontent-lim1-1.cdninstagram.com&_nc_cat=108&_nc_oc=Q6cZ2QHBaIoAczz1nHGxz7GdLurN6nug2EX7s_e09hKzQDt1RtQWdjkIOThpjejK2E-xCjA&_nc_ohc=fMBx88xHOXUQ7kNvwGY5Vbx&_nc_gid=kC6JSyoX60P9LRPzfcwg1g&edm=APQMUHMBAAAA&ccb=7-5&oh=00_AfILEGubRYi5l8sMhM5Ch9K6Mi9Wtg41_3f1mgUdAso_nQ&oe=6831C575&_nc_sid=6ff7c8
mirossdanceee,https://scontent-lim1-1.cdninstagram.com/v/t51.2885-19/458969918_389323084271022_3524890969010443515_n.jpg?stp=dst-jpg_s150x150_tt6&_nc_ht=scontent-lim1-1.cdninstagram.com&_nc_cat=106&_nc_oc=Q6cZ2QHBaIoAczz1nHGxz7GdLurN6nug2EX7s_e09hKzQDt1RtQWdjkIOThpjejK2E-xCjA&_nc_ohc=3xsM4mOiSqoQ7kNvwGqiC5e&_nc_gid=kC6JSyoX60P9LRPzfcwg1g&edm=APQMUHMBAAAA&ccb=7-5&oh=00_AfLaN6UlDJQp4Ua7uTg9hUOSiBoz-tR55RxkLbcNQPOE0Q&oe=6831DC4B&_nc_sid=6ff7c8
ozamara,https://scontent-lim1-1.cdninstagram.com/v/t51.2885-19/491445324_2284713178593646_2235729438166595989_n.jpg?stp=dst-jpg_s150x150_tt6&_nc_ht=scontent-lim1-1.cdninstagram.com&_nc_cat=110&_nc_oc=Q6cZ2QHBaIoAczz1nHGxz7GdLurN6nug2EX7s_e09hKzQDt1RtQWdjkIOThpjejK2E-xCjA&_nc_ohc=MwsKFNIzV4IQ7kNvwG2pXoB&_nc_gid=kC6JSyoX60P9LRPzfcwg1g&edm=APQMUHMBAAAA&ccb=7-5&oh=00_AfLaVKgAuNoCRj5APgceuw0xN9Ai39evm5K7Qv8nDxAtVw&oe=6831D484&_nc_sid=6ff7c8
paredesalondra,https://scontent-lim1-1.cdninstagram.com/v/t51.2885-19/476964425_601503572668529_2783524694803729083_n.jpg?stp=dst-jpg_s150x150_tt6&_nc_ht=scontent-lim1-1.cdninstagram.com&_nc_cat=105&_nc_oc=Q6cZ2QHBaIoAczz1nHGxz7GdLurN6nug2EX7s_e09hKzQDt1RtQWdjkIOThpjejK2E-xCjA&_nc_ohc=aQD3P_zzGNoQ7kNvwET0211&_nc_gid=kC6JSyoX60P9LRPzfcwg1g&edm=APQMUHMBAAAA&ccb=7-5&oh=00_AfINu26wjuseyMU-Qdls0pbxUezy_NokE0GBhZndmoHH7A&oe=6831D050&_nc_sid=6ff7c8
liz_beli,https://scontent-lim1-1.cdninstagram.com/v/t51.2885-19/342226183_561382142790687_2691135993861086199_n.jpg?stp=dst-jpg_s150x150_tt6&_nc_ht=scontent-lim1-1.cdninstagram.com&_nc_cat=103&_nc_oc=Q6cZ2QHBaIoAczz1nHGxz7GdLurN6nug2EX7s_e09hKzQDt1RtQWdjkIOThpjejK2E-xCjA&_nc_ohc=3c2YnZLK9S8Q7kNvwFhJWwJ&_nc_gid=kC6JSyoX60P9LRPzfcwg1g&edm=APQMUHMBAAAA&ccb=7-5&oh=00_AfKas0j0acalMv0pQhZBvt-UhzJbG7o_ddNbau0KM1XnGg&oe=6831EC05&_nc_sid=6ff7c8
pakomateos1,https://scontent-lim1-1.cdninstagram.com/v/t51.2885-19/67140509_2531120033605963_1179310599717257216_n.jpg?stp=dst-jpg_s150x150_tt6&_nc_ht=scontent-lim1-1.cdninstagram.com&_nc_cat=107&_nc_oc=Q6cZ2QHznb1i1gROv9r2rcpiTcxI3m7DntLpwOabKQ5k9unj5npSPzRb1uaI_qvNxwlvCe4&_nc_ohc=Lzg1QWxymC8Q7kNvwErXEdO&_nc_gid=CvTDmINO7idtVVUtarzbWA&edm=APQMUHMBAAAA&ccb=7-5&oh=00_AfJMm6fkLEBcQsqrcXF1f6KR6QpSjA1se-Fyn5uaA3N-ig&oe=6831E2A4&_nc_sid=6ff7c8
genesis.clemente.e,https://scontent-lim1-1.cdninstagram.com/v/t51.2885-19/448854004_464699222825664_3372569053350691192_n.jpg?stp=dst-jpg_s150x150_tt6&_nc_ht=scontent-lim1-1.cdninstagram.com&_nc_cat=100&_nc_oc=Q6cZ2QHznb1i1gROv9r2rcpiTcxI3m7DntLpwOabKQ5k9unj5npSPzRb1uaI_qvNxwlvCe4&_nc_ohc=t1YaToCKEkQQ7kNvwFlWdoH&_nc_gid=CvTDmINO7idtVVUtarzbWA&edm=APQMUHMBAAAA&ccb=7-5&oh=00_AfLJ8eqwC5XcgZj5iN8RbAlPN_87wa_QLec9SbpK3fc7Ew&oe=6831DA79&_nc_sid=6ff7c8
berenicechantes,https://scontent-lim1-1.cdninstagram.com/v/t51.2885-19/482934442_1358599508625961_5155405199121827629_n.jpg?stp=dst-jpg_s150x150_tt6&_nc_ht=scontent-lim1-1.cdninstagram.com&_nc_cat=101&_nc_oc=Q6cZ2QFvQFAaEn9IZZFIt7K60BVnRm51aBI8m4fBkUMBETog1S0jy1fnNkSG6d3P-7T_ZJk&_nc_ohc=uXU9TAFuMtcQ7kNvwGvWktZ&_nc_gid=NroKI5zN0iRoOTS-IshNLA&edm=APQMUHMBAAAA&ccb=7-5&oh=00_AfJFKpGNi1LMA70an1bqIeUTQY5nwk6rNbZqtgtjrg9ekA&oe=6831E62E&_nc_sid=6ff7c8
lucia.belmontee,https://scontent-lim1-1.cdninstagram.com/v/t51.2885-19/490102628_3972423633045839_3055948036330306015_n.jpg?stp=dst-jpg_s150x150_tt6&_nc_ht=scontent-lim1-1.cdninstagram.com&_nc_cat=111&_nc_oc=Q6cZ2QHznb1i1gROv9r2rcpiTcxI3m7DntLpwOabKQ5k9unj5npSPzRb1uaI_qvNxwlvCe4&_nc_ohc=O_N5lwXwFz0Q7kNvwGtQI6T&_nc_gid=CvTDmINO7idtVVUtarzbWA&edm=APQMUHMBAAAA&ccb=7-5&oh=00_AfKslmmU2xA0AmcHM78tZgHeR1eQ_PBot770-Vi4JxxxSw&oe=6831EF76&_nc_sid=6ff7c8
fany1606,https://scontent-lim1-1.cdninstagram.com/v/t51.2885-19/426668128_3689144061340401_1758308674423084719_n.jpg?stp=dst-jpg_s150x150_tt6&_nc_ht=scontent-lim1-1.cdninstagram.com&_nc_cat=109&_nc_oc=Q6cZ2QHznb1i1gROv9r2rcpiTcxI3m7DntLpwOabKQ5k9unj5npSPzRb1uaI_qvNxwlvCe4&_nc_ohc=hpRTdOzfSCkQ7kNvwFxDGOr&_nc_gid=CvTDmINO7idtVVUtarzbWA&edm=APQMUHMBAAAA&ccb=7-5&oh=00_AfLUnBYwqSU-kueVPcoXmYHzeW-gsgsQkqzwcnS1u9efbQ&oe=6831F3D8&_nc_sid=6ff7c8
angelusunum,https://scontent-lim1-1.cdninstagram.com/v/t51.2885-19/468953783_928366012613884_4323038638072688315_n.jpg?stp=dst-jpg_s150x150_tt6&_nc_ht=scontent-lim1-1.cdninstagram.com&_nc_cat=104&_nc_oc=Q6cZ2QFvQFAaEn9IZZFIt7K60BVnRm51aBI8m4fBkUMBETog1S0jy1fnNkSG6d3P-7T_ZJk&_nc_ohc=2Mbkl6ClM64Q7kNvwGsWNGz&_nc_gid=NroKI5zN0iRoOTS-IshNLA&edm=APQMUHMBAAAA&ccb=7-5&oh=00_AfLBZpjTMj5OP39UNUL2UVhEEipQEO3c7VP0IuIH0S9yEQ&oe=6831E797&_nc_sid=6ff7c8
motio_ner,https://scontent-lim1-1.cdninstagram.com/v/t51.2885-19/95470043_2342860702684502_5499308097534951424_n.jpg?stp=dst-jpg_s150x150_tt6&_nc_ht=scontent-lim1-1.cdninstagram.com&_nc_cat=102&_nc_oc=Q6cZ2QHznb1i1gROv9r2rcpiTcxI3m7DntLpwOabKQ5k9unj5npSPzRb1uaI_qvNxwlvCe4&_nc_ohc=QsNMT6pOBhIQ7kNvwHSed67&_nc_gid=CvTDmINO7idtVVUtarzbWA&edm=APQMUHMBAAAA&ccb=7-5&oh=00_AfLoUTmrUQP6AE9Q41qnpCZV9ciL27adPb4A7-sr79p1mQ&oe=6831FB01&_nc_sid=6ff7c8
itsnannn._,https://scontent-lim1-1.cdninstagram.com/v/t51.2885-19/436274306_1840545719752162_6206134657315696911_n.jpg?stp=dst-jpg_s150x150_tt6&_nc_ht=scontent-lim1-1.cdninstagram.com&_nc_cat=110&_nc_oc=Q6cZ2QFvQFAaEn9IZZFIt7K60BVnRm51aBI8m4fBkUMBETog1S0jy1fnNkSG6d3P-7T_ZJk&_nc_ohc=5wgcn8H7lTcQ7kNvwH-DFOS&_nc_gid=NroKI5zN0iRoOTS-IshNLA&edm=APQMUHMBAAAA&ccb=7-5&oh=00_AfI_UN6NRtYxqIHClYMYDSo1XbyEorZS7IZ0cLXfVS3f1w&oe=6831D778&_nc_sid=6ff7c8
dianapatymtz,https://scontent-lim1-1.cdninstagram.com/v/t51.2885-19/312999615_1211024883106018_6445642900205068075_n.jpg?stp=dst-jpg_s150x150_tt6&_nc_ht=scontent-lim1-1.cdninstagram.com&_nc_cat=110&_nc_oc=Q6cZ2QHznb1i1gROv9r2rcpiTcxI3m7DntLpwOabKQ5k9unj5npSPzRb1uaI_qvNxwlvCe4&_nc_ohc=UcrtqcUn8DcQ7kNvwGWIynX&_nc_gid=CvTDmINO7idtVVUtarzbWA&edm=APQMUHMBAAAA&ccb=7-5&oh=00_AfI6vp75qqHqrW6aiqbZn_hF0Yim1dEuieS3Xxxc86C8Iw&oe=6831E5E8&_nc_sid=6ff7c8
tia.juanadetj,https://scontent-lim1-1.cdninstagram.com/v/t51.2885-19/485123372_1796335394457617_6256221608359071513_n.jpg?stp=dst-jpg_s150x150_tt6&_nc_ht=scontent-lim1-1.cdninstagram.com&_nc_cat=105&_nc_oc=Q6cZ2QFvQFAaEn9IZZFIt7K60BVnRm51aBI8m4fBkUMBETog1S0jy1fnNkSG6d3P-7T_ZJk&_nc_ohc=BxTJcDGAzPsQ7kNvwEb37eR&_nc_gid=NroKI5zN0iRoOTS-IshNLA&edm=APQMUHMBAAAA&ccb=7-5&oh=00_AfL2hg43pch7vr9wKpRnrsCS2d7Pt-7kh8SoCBhY2bVgKw&oe=6831EFCE&_nc_sid=6ff7c8
rubygoth98,https://scontent-lim1-1.cdninstagram.com/v/t51.2885-19/431607325_798539245450997_8115522242006284184_n.jpg?stp=dst-jpg_s150x150_tt6&_nc_ht=scontent-lim1-1.cdninstagram.com&_nc_cat=105&_nc_oc=Q6cZ2QFvQFAaEn9IZZFIt7K60BVnRm51aBI8m4fBkUMBETog1S0jy1fnNkSG6d3P-7T_ZJk&_nc_ohc=EX2mD5yMkX0Q7kNvwH8kSdX&_nc_gid=NroKI5zN0iRoOTS-IshNLA&edm=APQMUHMBAAAA&ccb=7-5&oh=00_AfIdA2zFe20Hva7TMHWEiCsLmwwJxOjyo36Jbxtm6DXrPA&oe=6831C7ED&_nc_sid=6ff7c8
ismaelmh1979,https://scontent-lim1-1.cdninstagram.com/v/t51.2885-19/491444861_18344259874159189_2684362375664764052_n.jpg?stp=dst-jpg_s150x150_tt6&_nc_ht=scontent-lim1-1.cdninstagram.com&_nc_cat=101&_nc_oc=Q6cZ2QFvQFAaEn9IZZFIt7K60BVnRm51aBI8m4fBkUMBETog1S0jy1fnNkSG6d3P-7T_ZJk&_nc_ohc=HS1NdrRph2cQ7kNvwHQjYRA&_nc_gid=NroKI5zN0iRoOTS-IshNLA&edm=APQMUHMBAAAA&ccb=7-5&oh=00_AfK6trqgDJVTbFr2kRaSLEGsZpGcExNWaBqq3gpznQVBsw&oe=6831F15B&_nc_sid=6ff7c8
karenn_itz,https://scontent-lim1-1.cdninstagram.com/v/t51.2885-19/482490647_1185635759933103_5755772443091712078_n.jpg?stp=dst-jpg_s150x150_tt6&_nc_ht=scontent-lim1-1.cdninstagram.com&_nc_cat=103&_nc_oc=Q6cZ2QFvQFAaEn9IZZFIt7K60BVnRm51aBI8m4fBkUMBETog1S0jy1fnNkSG6d3P-7T_ZJk&_nc_ohc=ldpGT4FQkkoQ7kNvwF-eu6o&_nc_gid=NroKI5zN0iRoOTS-IshNLA&edm=APQMUHMBAAAA&ccb=7-5&oh=00_AfIwchxUycB1iX6aTtXthzifz3tFEpY81UBRIjca9vMU1Q&oe=6831F249&_nc_sid=6ff7c8
bedsentrejo,https://scontent-lim1-1.cdninstagram.com/v/t51.2885-19/436770356_1359332574751192_8179327609860261592_n.jpg?stp=dst-jpg_s150x150_tt6&_nc_ht=scontent-lim1-1.cdninstagram.com&_nc_cat=104&_nc_oc=Q6cZ2QFvQFAaEn9IZZFIt7K60BVnRm51aBI8m4fBkUMBETog1S0jy1fnNkSG6d3P-7T_ZJk&_nc_ohc=P2tDs3VeiPAQ7kNvwGeS-1X&_nc_gid=NroKI5zN0iRoOTS-IshNLA&edm=APQMUHMBAAAA&ccb=7-5&oh=00_AfJbN6S8-STlEBXMMseqr1UCJEfobka9N-sDynI0NJYCkw&oe=6831CC62&_nc_sid=6ff7c8
dany_saldana,https://scontent-lim1-1.cdninstagram.com/v/t51.2885-19/480943789_2266427843741132_7067085389029438305_n.jpg?stp=dst-jpg_s150x150_tt6&_nc_ht=scontent-lim1-1.cdninstagram.com&_nc_cat=108&_nc_oc=Q6cZ2QFvQFAaEn9IZZFIt7K60BVnRm51aBI8m4fBkUMBETog1S0jy1fnNkSG6d3P-7T_ZJk&_nc_ohc=HTKWksifGJUQ7kNvwFIrY_l&_nc_gid=NroKI5zN0iRoOTS-IshNLA&edm=APQMUHMBAAAA&ccb=7-5&oh=00_AfJfQHKs0MbXfJ1g5zHTvF5wivNiupZe7h8Q8oxlafrolw&oe=6831DEA1&_nc_sid=6ff7c8
pole_dance_carnival,https://scontent-lim1-1.cdninstagram.com/v/t51.2885-19/409203952_311205148419967_8203676050964313261_n.jpg?stp=dst-jpg_s150x150_tt6&_nc_ht=scontent-lim1-1.cdninstagram.com&_nc_cat=107&_nc_oc=Q6cZ2QFvQFAaEn9IZZFIt7K60BVnRm51aBI8m4fBkUMBETog1S0jy1fnNkSG6d3P-7T_ZJk&_nc_ohc=Sn3obJcJu6sQ7kNvwFxXvh8&_nc_gid=NroKI5zN0iRoOTS-IshNLA&edm=APQMUHMBAAAA&ccb=7-5&oh=00_AfL-rd_b2gv5-308gk4j5J49W97E7COPtueYDw7zpRAWxQ&oe=6831F05B&_nc_sid=6ff7c8
juanisraelpiconlopez,https://scontent-ssn1-1.cdninstagram.com/v/t51.2885-19/464760996_1254146839119862_3605321457742435801_n.png?stp=dst-jpg_e0_s150x150_tt6&cb=8577c754-c2464923&_nc_ht=scontent-ssn1-1.cdninstagram.com&_nc_cat=1&_nc_oc=Q6cZ2QGW16GrUXBgeCZVK8z_s8R5pkZ37l4igC6a5OuRk92Fq0k0RLSUTziCngZT2Cfadww&_nc_ohc=bcZlu0dd8xgQ7kNvwFq0HD7&_nc_gid=932kZTXM54eJidVt4YtBOQ&edm=AGqCYasBAAAA&ccb=7-5&ig_cache_key=YW5vbnltb3VzX3Byb2ZpbGVfcGlj.3-ccb7-5-cb8577c754-c2464923&oh=00_AfKWJz7-dJzxKSRepb0Uko9zFuOng5bajcSHlMSQTzAPkA&oe=6831E028&_nc_sid=6c5dea
alyssasapphire,https://scontent-lim1-1.cdninstagram.com/v/t51.2885-19/12917908_196989780692069_830947352_a.jpg?stp=dst-jpg_s150x150_tt6&_nc_ht=scontent-lim1-1.cdninstagram.com&_nc_cat=105&_nc_oc=Q6cZ2QFAJzK1qNgjCTzxPucmuwhdIGmYwRRyuvWPyU0kBxgrqudM2KpPYiU0N-Z5ci2Qrls&_nc_ohc=pJC7Cy0KIs0Q7kNvwHouM6p&_nc_gid=H064EYaDNLzrPFwQRUcpMg&edm=APQMUHMBAAAA&ccb=7-5&oh=00_AfLvWmQVQ45nDna4-bt2fpIA_iwIXDhDlNKI2rJv7vQbTQ&oe=6831D635&_nc_sid=6ff7c8
lettybd79,https://scontent-lim1-1.cdninstagram.com/v/t51.2885-19/475474821_574535698896742_7380304451323746899_n.jpg?stp=dst-jpg_s150x150_tt6&_nc_ht=scontent-lim1-1.cdninstagram.com&_nc_cat=110&_nc_oc=Q6cZ2QFAJzK1qNgjCTzxPucmuwhdIGmYwRRyuvWPyU0kBxgrqudM2KpPYiU0N-Z5ci2Qrls&_nc_ohc=NLiBcXGB_Y8Q7kNvwGyldrj&_nc_gid=H064EYaDNLzrPFwQRUcpMg&edm=APQMUHMBAAAA&ccb=7-5&oh=00_AfJs8sj4n48GZQxekJRxgCge4cB0cSnH3YN29p4xVT0ULg&oe=6831CEB8&_nc_sid=6ff7c8
dellcisneros,https://scontent-lim1-1.cdninstagram.com/v/t51.2885-19/178179332_2714489342008926_4514171067187397817_n.jpg?stp=dst-jpg_s150x150_tt6&_nc_ht=scontent-lim1-1.cdninstagram.com&_nc_cat=106&_nc_oc=Q6cZ2QFAJzK1qNgjCTzxPucmuwhdIGmYwRRyuvWPyU0kBxgrqudM2KpPYiU0N-Z5ci2Qrls&_nc_ohc=6yVNqlqQqbsQ7kNvwGdxKDD&_nc_gid=H064EYaDNLzrPFwQRUcpMg&edm=APQMUHMBAAAA&ccb=7-5&oh=00_AfJzjUav0FvATE1WDozU3zoRgg5sOTTSo5dBQBH2-l_90g&oe=6831F5B8&_nc_sid=6ff7c8
reyzavala18,https://scontent-hou1-1.cdninstagram.com/v/t51.2885-19/464760996_1254146839119862_3605321457742435801_n.png?stp=dst-jpg_e0_s150x150_tt6&cb=8577c754-c2464923&_nc_ht=scontent-hou1-1.cdninstagram.com&_nc_cat=1&_nc_oc=Q6cZ2QEyFRrUxkC0ramzAhmfIDolbHgFhokWzqNEK0NMciNDHpB4Ux5FbalxXmSgAV6jcTo&_nc_ohc=bcZlu0dd8xgQ7kNvwGlSt5Z&_nc_gid=P2-1I4sNAvykzYBwhLrQPQ&edm=AJ9x6zYBAAAA&ccb=7-5&ig_cache_key=YW5vbnltb3VzX3Byb2ZpbGVfcGlj.3-ccb7-5-cb8577c754-c2464923&oh=00_AfIpJ52J_6L274HGCtXPHEQ_bFDNL9TqYQ4HRDwB1fl6UA&oe=6831E028&_nc_sid=65462d
miroslava40,https://scontent-lim1-1.cdninstagram.com/v/t51.2885-19/465470070_975047061052137_5582997257351498858_n.jpg?stp=dst-jpg_s150x150_tt6&_nc_ht=scontent-lim1-1.cdninstagram.com&_nc_cat=109&_nc_oc=Q6cZ2QFAJzK1qNgjCTzxPucmuwhdIGmYwRRyuvWPyU0kBxgrqudM2KpPYiU0N-Z5ci2Qrls&_nc_ohc=KTP42GNivBAQ7kNvwGHDoEr&_nc_gid=H064EYaDNLzrPFwQRUcpMg&edm=APQMUHMBAAAA&ccb=7-5&oh=00_AfKPKw3bo_tX4ysfXXgdg_hpw1-hPUELJ1_N_ssC7jaiYQ&oe=6831E192&_nc_sid=6ff7c8
mariaqukiz,https://scontent-lim1-1.cdninstagram.com/v/t51.2885-19/481004761_936474395315261_7993359923432822240_n.jpg?stp=dst-jpg_s150x150_tt6&_nc_ht=scontent-lim1-1.cdninstagram.com&_nc_cat=105&_nc_oc=Q6cZ2QFAJzK1qNgjCTzxPucmuwhdIGmYwRRyuvWPyU0kBxgrqudM2KpPYiU0N-Z5ci2Qrls&_nc_ohc=2XrNrRu31PgQ7kNvwH6ow_-&_nc_gid=H064EYaDNLzrPFwQRUcpMg&edm=APQMUHMBAAAA&ccb=7-5&oh=00_AfLhJN6x6rxz9-Tqc35-Jqt_QY9AJVDbQU2iTyLYdzRO3Q&oe=6831F870&_nc_sid=6ff7c8
estefaniiatrejo,https://scontent-lim1-1.cdninstagram.com/v/t51.2885-19/491468574_703436068792870_6691753959691318647_n.jpg?stp=dst-jpg_s150x150_tt6&_nc_ht=scontent-lim1-1.cdninstagram.com&_nc_cat=110&_nc_oc=Q6cZ2QFAJzK1qNgjCTzxPucmuwhdIGmYwRRyuvWPyU0kBxgrqudM2KpPYiU0N-Z5ci2Qrls&_nc_ohc=YHGpw7_cmQMQ7kNvwGVNVXz&_nc_gid=H064EYaDNLzrPFwQRUcpMg&edm=APQMUHMBAAAA&ccb=7-5&oh=00_AfKB288rZ7beHPkVIuehbD2B3Bl7P_TKwqjzPe7hI-OPbw&oe=6831E4DE&_nc_sid=6ff7c8
foodmtye,https://scontent-hou1-1.cdninstagram.com/v/t51.2885-19/464760996_1254146839119862_3605321457742435801_n.png?stp=dst-jpg_e0_s150x150_tt6&cb=8577c754-c2464923&_nc_ht=scontent-hou1-1.cdninstagram.com&_nc_cat=1&_nc_oc=Q6cZ2QEyFRrUxkC0ramzAhmfIDolbHgFhokWzqNEK0NMciNDHpB4Ux5FbalxXmSgAV6jcTo&_nc_ohc=bcZlu0dd8xgQ7kNvwGlSt5Z&_nc_gid=P2-1I4sNAvykzYBwhLrQPQ&edm=AJ9x6zYBAAAA&ccb=7-5&ig_cache_key=YW5vbnltb3VzX3Byb2ZpbGVfcGlj.3-ccb7-5-cb8577c754-c2464923&oh=00_AfIpJ52J_6L274HGCtXPHEQ_bFDNL9TqYQ4HRDwB1fl6UA&oe=6831E028&_nc_sid=65462d
fergc._,https://scontent-lim1-1.cdninstagram.com/v/t51.2885-19/365687852_613377204115502_256419275519882266_n.jpg?stp=dst-jpg_s150x150_tt6&_nc_ht=scontent-lim1-1.cdninstagram.com&_nc_cat=102&_nc_oc=Q6cZ2QGXNoBiVTyGH6s7DuVZf7tqEHHvF773YA8uIToyUKmoxNAhW72Kv96EqbjZPHAlIRg&_nc_ohc=nG-BJQI5XrIQ7kNvwFhX1FY&_nc_gid=5bFcngS3m1TfRxPENyVW1A&edm=APQMUHMBAAAA&ccb=7-5&oh=00_AfKsX_JFNtC3yjhYP0ihjcDNOVXVqQFpnC3bKJV37a98gQ&oe=6831F81E&_nc_sid=6ff7c8
antonyvare,https://scontent-lim1-1.cdninstagram.com/v/t51.2885-19/275936113_1323821504767255_8742604564377159409_n.jpg?stp=dst-jpg_s150x150_tt6&_nc_ht=scontent-lim1-1.cdninstagram.com&_nc_cat=107&_nc_oc=Q6cZ2QGXNoBiVTyGH6s7DuVZf7tqEHHvF773YA8uIToyUKmoxNAhW72Kv96EqbjZPHAlIRg&_nc_ohc=CYBo99hang0Q7kNvwF3SZ6M&_nc_gid=5bFcngS3m1TfRxPENyVW1A&edm=APQMUHMBAAAA&ccb=7-5&oh=00_AfLNX20OUEIpBteA-rtvrweYcjCDSHgS3Quxe_7CIDK94w&oe=6831E105&_nc_sid=6ff7c8
ederrobles_89,https://scontent-lim1-1.cdninstagram.com/v/t51.2885-19/474625570_469155626059051_4295762526862110901_n.jpg?stp=dst-jpg_s150x150_tt6&_nc_ht=scontent-lim1-1.cdninstagram.com&_nc_cat=107&_nc_oc=Q6cZ2QF-kmua_989Tel_MHKraqnkP5fHxWBKgMwcmYfCE_9qmqnLW6Ar-_bsarBqRFKZrIY&_nc_ohc=oMAUg9jf3BIQ7kNvwFAjZn4&_nc_gid=DwT1aDFmsuDhbtEbEWM8Yg&edm=APQMUHMBAAAA&ccb=7-5&oh=00_AfLe2NuotEzqUQ76hkTZRA5SbT5b9QIZItn9GThPSDLmzw&oe=6831C50F&_nc_sid=6ff7c8
breezskat,https://scontent-lim1-1.cdninstagram.com/v/t51.2885-19/399091334_733048595304361_507906467194130302_n.jpg?stp=dst-jpg_s150x150_tt6&_nc_ht=scontent-lim1-1.cdninstagram.com&_nc_cat=101&_nc_oc=Q6cZ2QF-kmua_989Tel_MHKraqnkP5fHxWBKgMwcmYfCE_9qmqnLW6Ar-_bsarBqRFKZrIY&_nc_ohc=wMEY7qcRfoYQ7kNvwHdaZQC&_nc_gid=DwT1aDFmsuDhbtEbEWM8Yg&edm=APQMUHMBAAAA&ccb=7-5&oh=00_AfJL4JV1XMgj4M7FB-ESVe6jS4THh7WVJs9kroK-JNM6jw&oe=6831DED8&_nc_sid=6ff7c8
edgar_nava_90,https://scontent-lim1-1.cdninstagram.com/v/t51.2885-19/497219520_18047704619598987_224320117396254826_n.jpg?stp=dst-jpg_s150x150_tt6&_nc_ht=scontent-lim1-1.cdninstagram.com&_nc_cat=103&_nc_oc=Q6cZ2QF-kmua_989Tel_MHKraqnkP5fHxWBKgMwcmYfCE_9qmqnLW6Ar-_bsarBqRFKZrIY&_nc_ohc=fEuixFrtdwgQ7kNvwEAd6Km&_nc_gid=DwT1aDFmsuDhbtEbEWM8Yg&edm=APQMUHMBAAAA&ccb=7-5&oh=00_AfI_MbQogI3ME46HnS4pjZiW14yMoZgMdVnkIjP2YeElkg&oe=6831ECB3&_nc_sid=6ff7c8
yosebe_rr,https://scontent-lim1-1.cdninstagram.com/v/t51.2885-19/497887903_18064878881305029_7301795012198069697_n.jpg?stp=dst-jpg_s150x150_tt6&_nc_ht=scontent-lim1-1.cdninstagram.com&_nc_cat=109&_nc_oc=Q6cZ2QF-kmua_989Tel_MHKraqnkP5fHxWBKgMwcmYfCE_9qmqnLW6Ar-_bsarBqRFKZrIY&_nc_ohc=1TnbeU17YCIQ7kNvwE9s9_d&_nc_gid=DwT1aDFmsuDhbtEbEWM8Yg&edm=APQMUHMBAAAA&ccb=7-5&oh=00_AfJgL1jStUpO6_t7L-MSxSjHoyktuce7-gSAQVJ4Hvorsg&oe=6831EA39&_nc_sid=6ff7c8
dianiswan,https://scontent-lim1-1.cdninstagram.com/v/t51.2885-19/476664646_1056300999588756_3741037038376337755_n.jpg?stp=dst-jpg_s150x150_tt6&_nc_ht=scontent-lim1-1.cdninstagram.com&_nc_cat=100&_nc_oc=Q6cZ2QF-kmua_989Tel_MHKraqnkP5fHxWBKgMwcmYfCE_9qmqnLW6Ar-_bsarBqRFKZrIY&_nc_ohc=DVBvtbNZRskQ7kNvwGtWwum&_nc_gid=DwT1aDFmsuDhbtEbEWM8Yg&edm=APQMUHMBAAAA&ccb=7-5&oh=00_AfI2sOUSIbxVDmwA2ynuJqFh3daYuZxlRwkEAYJkHUMuIg&oe=6831CD9B&_nc_sid=6ff7c8
robinsonmora62,https://scontent-lim1-1.cdninstagram.com/v/t51.2885-19/398775303_1039546110596814_3751048712602777110_n.jpg?stp=dst-jpg_s150x150_tt6&_nc_ht=scontent-lim1-1.cdninstagram.com&_nc_cat=106&_nc_oc=Q6cZ2QF-kmua_989Tel_MHKraqnkP5fHxWBKgMwcmYfCE_9qmqnLW6Ar-_bsarBqRFKZrIY&_nc_ohc=Y-vuMSVYKWoQ7kNvwHOlUCb&_nc_gid=DwT1aDFmsuDhbtEbEWM8Yg&edm=APQMUHMBAAAA&ccb=7-5&oh=00_AfJ0rK_j-nYycVk3zNfIv-dHuPngKPHNyEs8E1I7UdcGGg&oe=6831DE26&_nc_sid=6ff7c8
pauliful_nails_lashes,https://scontent-lim1-1.cdninstagram.com/v/t51.2885-19/241314244_1170435776781769_6346328048710503790_n.jpg?stp=dst-jpg_s150x150_tt6&_nc_ht=scontent-lim1-1.cdninstagram.com&_nc_cat=101&_nc_oc=Q6cZ2QF-kmua_989Tel_MHKraqnkP5fHxWBKgMwcmYfCE_9qmqnLW6Ar-_bsarBqRFKZrIY&_nc_ohc=dHWYjhVUu70Q7kNvwGqnCCX&_nc_gid=DwT1aDFmsuDhbtEbEWM8Yg&edm=APQMUHMBAAAA&ccb=7-5&oh=00_AfJV7adNnaSbMp88wf1RB9CRTkUVyV07OuFPEp2Let7Kbg&oe=6831F5F8&_nc_sid=6ff7c8
twerkfit_temuco,https://scontent-lim1-1.cdninstagram.com/v/t51.2885-19/471871331_618032610887256_6606836573358488038_n.jpg?stp=dst-jpg_s150x150_tt6&_nc_ht=scontent-lim1-1.cdninstagram.com&_nc_cat=100&_nc_oc=Q6cZ2QF-kmua_989Tel_MHKraqnkP5fHxWBKgMwcmYfCE_9qmqnLW6Ar-_bsarBqRFKZrIY&_nc_ohc=g8Qh25nJkFMQ7kNvwH115pP&_nc_gid=DwT1aDFmsuDhbtEbEWM8Yg&edm=APQMUHMBAAAA&ccb=7-5&oh=00_AfKiqu8lpzFPjxeq9E74ZdY5Ai1kOZYf6TDpyiMHl-UkLg&oe=6831CB20&_nc_sid=6ff7c8
leoalvarez2065,https://scontent-lim1-1.cdninstagram.com/v/t51.2885-19/459423239_1548693672418824_4452515028658073965_n.jpg?stp=dst-jpg_s150x150_tt6&_nc_ht=scontent-lim1-1.cdninstagram.com&_nc_cat=100&_nc_oc=Q6cZ2QF-kmua_989Tel_MHKraqnkP5fHxWBKgMwcmYfCE_9qmqnLW6Ar-_bsarBqRFKZrIY&_nc_ohc=nj05hsKbwUkQ7kNvwHd2dZR&_nc_gid=DwT1aDFmsuDhbtEbEWM8Yg&edm=APQMUHMBAAAA&ccb=7-5&oh=00_AfJVFq94RMrnTokQRv_vpD6TOMUXq6UjCAUzxP-mgA-DLg&oe=6831C3E0&_nc_sid=6ff7c8
saracifuentes.09,https://scontent-lim1-1.cdninstagram.com/v/t51.2885-19/443733986_810839130592417_5980701437448528619_n.jpg?stp=dst-jpg_s150x150_tt6&_nc_ht=scontent-lim1-1.cdninstagram.com&_nc_cat=101&_nc_oc=Q6cZ2QF-kmua_989Tel_MHKraqnkP5fHxWBKgMwcmYfCE_9qmqnLW6Ar-_bsarBqRFKZrIY&_nc_ohc=1gi8-Uh0dGcQ7kNvwFJ0YA_&_nc_gid=DwT1aDFmsuDhbtEbEWM8Yg&edm=APQMUHMBAAAA&ccb=7-5&oh=00_AfKUYPq7NlkcMZQyB1EFQxbjgFVU4FbcxOsSRROAiFx5mA&oe=6831D06A&_nc_sid=6ff7c8
juanmanuelgaleano2002,https://scontent-lim1-1.cdninstagram.com/v/t51.2885-19/286402266_548019490113217_8345681750661242948_n.jpg?stp=dst-jpg_s150x150_tt6&_nc_ht=scontent-lim1-1.cdninstagram.com&_nc_cat=101&_nc_oc=Q6cZ2QF-kmua_989Tel_MHKraqnkP5fHxWBKgMwcmYfCE_9qmqnLW6Ar-_bsarBqRFKZrIY&_nc_ohc=WTHLwwCUIe0Q7kNvwH7yEHP&_nc_gid=DwT1aDFmsuDhbtEbEWM8Yg&edm=APQMUHMBAAAA&ccb=7-5&oh=00_AfJHP3NK8IEoWSGWB4oGiy-njpoEdq05SJ4Y1QlcAx8e-g&oe=6831F1D3&_nc_sid=6ff7c8
adriana.estefania28,https://scontent-lim1-1.cdninstagram.com/v/t51.2885-19/474499110_1005153564779749_8146373514578270967_n.jpg?stp=dst-jpg_s150x150_tt6&_nc_ht=scontent-lim1-1.cdninstagram.com&_nc_cat=101&_nc_oc=Q6cZ2QF-kmua_989Tel_MHKraqnkP5fHxWBKgMwcmYfCE_9qmqnLW6Ar-_bsarBqRFKZrIY&_nc_ohc=Y9omsuEZmN8Q7kNvwH5AQ6B&_nc_gid=DwT1aDFmsuDhbtEbEWM8Yg&edm=APQMUHMBAAAA&ccb=7-5&oh=00_AfLsRHn4O9qPuFYiVDpHoVVGT-wdhHm6WfDokHEl-We2Lg&oe=6831C84A&_nc_sid=6ff7c8
venuspole_studiotj,https://scontent-lim1-1.cdninstagram.com/v/t51.2885-19/420118455_812468640837700_153914703359835755_n.jpg?stp=dst-jpg_s150x150_tt6&_nc_ht=scontent-lim1-1.cdninstagram.com&_nc_cat=104&_nc_oc=Q6cZ2QHs_dLq6Sb_AMATQUr_OdsVVXYc2O5hiqVpGFMrN41p4CBe4oSmAGwmYunvy8gA6v8&_nc_ohc=zcBE90zTOgIQ7kNvwGjeeDp&_nc_gid=c8tfA6N9V8gUt_t2VFrk8g&edm=APQMUHMBAAAA&ccb=7-5&oh=00_AfKFJ5pkzlRH8QBIsOWd4FT7dOxJ2pIhPA0C1-NMbpZwwA&oe=6831F573&_nc_sid=6ff7c8
nairimlg,https://scontent-lim1-1.cdninstagram.com/v/t51.2885-19/428474303_748792157314098_51527792410312355_n.jpg?stp=dst-jpg_s150x150_tt6&_nc_ht=scontent-lim1-1.cdninstagram.com&_nc_cat=106&_nc_oc=Q6cZ2QHs_dLq6Sb_AMATQUr_OdsVVXYc2O5hiqVpGFMrN41p4CBe4oSmAGwmYunvy8gA6v8&_nc_ohc=rcadLoZ3mikQ7kNvwG-Ps9R&_nc_gid=c8tfA6N9V8gUt_t2VFrk8g&edm=APQMUHMBAAAA&ccb=7-5&oh=00_AfLjzDqwqdXlpx8_MAHyuMQ-EOJjhSNuIIZyny6GeF4zig&oe=6831F06A&_nc_sid=6ff7c8
jacquelineroca,https://scontent-lim1-1.cdninstagram.com/v/t51.2885-19/484928032_1553129841902083_4054927296783544070_n.jpg?stp=dst-jpg_s150x150_tt6&_nc_ht=scontent-lim1-1.cdninstagram.com&_nc_cat=107&_nc_oc=Q6cZ2QHs_dLq6Sb_AMATQUr_OdsVVXYc2O5hiqVpGFMrN41p4CBe4oSmAGwmYunvy8gA6v8&_nc_ohc=r1w5N8LkMcIQ7kNvwGFACW6&_nc_gid=c8tfA6N9V8gUt_t2VFrk8g&edm=APQMUHMBAAAA&ccb=7-5&oh=00_AfJkM4NqE8fSvbptV-cWgyp4G6e70DUClycywKOUlDFH-w&oe=6831F16C&_nc_sid=6ff7c8
daisydanielatwerk,https://scontent-lim1-1.cdninstagram.com/v/t51.2885-19/292364798_732434571348754_6830965800072306811_n.jpg?stp=dst-jpg_s150x150_tt6&_nc_ht=scontent-lim1-1.cdninstagram.com&_nc_cat=110&_nc_oc=Q6cZ2QHs_dLq6Sb_AMATQUr_OdsVVXYc2O5hiqVpGFMrN41p4CBe4oSmAGwmYunvy8gA6v8&_nc_ohc=XdmCnf39ck8Q7kNvwEc1dS5&_nc_gid=c8tfA6N9V8gUt_t2VFrk8g&edm=APQMUHMBAAAA&ccb=7-5&oh=00_AfIgPPGlGm-9TWpn2vJSIDc-zwJNL_0xkS-vgKDPOyx10g&oe=6831D5F4&_nc_sid=6ff7c8
fxr.xvilx,https://scontent-lim1-1.cdninstagram.com/v/t51.2885-19/484377359_1152357729443497_6649343109088811099_n.jpg?stp=dst-jpg_s150x150_tt6&_nc_ht=scontent-lim1-1.cdninstagram.com&_nc_cat=101&_nc_oc=Q6cZ2QH_eLhTudFRsvqhxWXwQNcjQNRvmZpH2qOCxpJaKIPLqUMEvIYdWvfpnTc-UkhAuTQ&_nc_ohc=Z-lCe6VivZ8Q7kNvwFUq7XT&_nc_gid=o923GQmeYzdHWXMeRZniSA&edm=APQMUHMBAAAA&ccb=7-5&oh=00_AfIt2hR2INchAHx3rxNPduwPv8xzizIrZCVQ4mNlURG_BQ&oe=6831D174&_nc_sid=6ff7c8
normamvideos,https://scontent-lim1-1.cdninstagram.com/v/t51.2885-19/441036854_1626070311485906_3404957919405889555_n.jpg?stp=dst-jpg_s150x150_tt6&_nc_ht=scontent-lim1-1.cdninstagram.com&_nc_cat=102&_nc_oc=Q6cZ2QH_eLhTudFRsvqhxWXwQNcjQNRvmZpH2qOCxpJaKIPLqUMEvIYdWvfpnTc-UkhAuTQ&_nc_ohc=qOrXml6LvBMQ7kNvwHj1pUe&_nc_gid=o923GQmeYzdHWXMeRZniSA&edm=APQMUHMBAAAA&ccb=7-5&oh=00_AfLt6c5gtLNh26NX84m7TX9wzkxzInuy187CDbs6HirUhQ&oe=6831C99E&_nc_sid=6ff7c8
alejandra_gp17,https://scontent-lim1-1.cdninstagram.com/v/t51.2885-19/450086646_1207754057247398_7702387000662094209_n.jpg?stp=dst-jpg_s150x150_tt6&_nc_ht=scontent-lim1-1.cdninstagram.com&_nc_cat=102&_nc_oc=Q6cZ2QH_eLhTudFRsvqhxWXwQNcjQNRvmZpH2qOCxpJaKIPLqUMEvIYdWvfpnTc-UkhAuTQ&_nc_ohc=MVtjiyJKh-gQ7kNvwE4SJ6Y&_nc_gid=o923GQmeYzdHWXMeRZniSA&edm=APQMUHMBAAAA&ccb=7-5&oh=00_AfIe_gzAmDA6-J5LUZkylGDtUC1b5Gfo-eNhBKI1S4nNSg&oe=6831CD51&_nc_sid=6ff7c8
liarengell,https://scontent-lim1-1.cdninstagram.com/v/t51.2885-19/480464451_1130703735418482_6756234643297486421_n.jpg?stp=dst-jpg_s150x150_tt6&_nc_ht=scontent-lim1-1.cdninstagram.com&_nc_cat=106&_nc_oc=Q6cZ2QH9Kw8FB3FOiMSmR-mc_FV2fUP3hko7qNYZOgRlAjn0_RYESyX5p4383IkmbjS6Dss&_nc_ohc=orbB3UwxedgQ7kNvwHwzC9j&_nc_gid=1EeX0aCI2T1jdBnyvF8HlA&edm=APQMUHMBAAAA&ccb=7-5&oh=00_AfJXH_P9A8m6fe26tqlykkRzBcXnJF00M4sSc3f60xtbPg&oe=6831D97E&_nc_sid=6ff7c8
ferchinitos_,https://scontent-lim1-1.cdninstagram.com/v/t51.2885-19/468512570_2278062082573610_5776396507422509905_n.jpg?stp=dst-jpg_s150x150_tt6&_nc_ht=scontent-lim1-1.cdninstagram.com&_nc_cat=102&_nc_oc=Q6cZ2QH_eLhTudFRsvqhxWXwQNcjQNRvmZpH2qOCxpJaKIPLqUMEvIYdWvfpnTc-UkhAuTQ&_nc_ohc=0l0M8lpS8xoQ7kNvwH0_Xek&_nc_gid=o923GQmeYzdHWXMeRZniSA&edm=APQMUHMBAAAA&ccb=7-5&oh=00_AfIBjuO4w3BIT2U6V-UvvDFMh5KQ3-Ee6ehP8EOGZpBW9g&oe=6831D9FC&_nc_sid=6ff7c8
iamdulcegutierrez,https://scontent-lim1-1.cdninstagram.com/v/t51.2885-19/491444005_1857116458387463_4629527290209473406_n.jpg?stp=dst-jpg_s150x150_tt6&_nc_ht=scontent-lim1-1.cdninstagram.com&_nc_cat=111&_nc_oc=Q6cZ2QH_eLhTudFRsvqhxWXwQNcjQNRvmZpH2qOCxpJaKIPLqUMEvIYdWvfpnTc-UkhAuTQ&_nc_ohc=sJjirIIMyKYQ7kNvwF3wfcH&_nc_gid=o923GQmeYzdHWXMeRZniSA&edm=APQMUHMBAAAA&ccb=7-5&oh=00_AfIX_CKz1p-rW9zqjCLrVMbuOFBDt1z1K5ZIRvAZkgxqEw&oe=6831F071&_nc_sid=6ff7c8
unmar_colorsol,https://scontent-lim1-1.cdninstagram.com/v/t51.2885-19/469714285_1872335386630989_5329058778260467349_n.jpg?stp=dst-jpg_s150x150_tt6&_nc_ht=scontent-lim1-1.cdninstagram.com&_nc_cat=109&_nc_oc=Q6cZ2QH_eLhTudFRsvqhxWXwQNcjQNRvmZpH2qOCxpJaKIPLqUMEvIYdWvfpnTc-UkhAuTQ&_nc_ohc=fYkvs_EPps4Q7kNvwEyDYK0&_nc_gid=o923GQmeYzdHWXMeRZniSA&edm=APQMUHMBAAAA&ccb=7-5&oh=00_AfLf42jVaVzzIV0L66eJJw7Eg5Xu31lLFzE3U-T5CTIuNg&oe=6831C4A5&_nc_sid=6ff7c8
fernan_da.13,https://scontent-lim1-1.cdninstagram.com/v/t51.2885-19/44884218_345707102882519_2446069589734326272_n.jpg?stp=dst-jpg_s150x150_tt6&_nc_ht=scontent-lim1-1.cdninstagram.com&_nc_cat=1&_nc_oc=Q6cZ2QH9Kw8FB3FOiMSmR-mc_FV2fUP3hko7qNYZOgRlAjn0_RYESyX5p4383IkmbjS6Dss&_nc_ohc=40BnSaa0ic4Q7kNvwFzudqw&_nc_gid=1EeX0aCI2T1jdBnyvF8HlA&edm=APQMUHMBAAAA&ccb=7-5&ig_cache_key=YW5vbnltb3VzX3Byb2ZpbGVfcGlj.3-ccb7-5&oh=00_AfLftX2HgPI-2CGOaz3IRxa4oR_-QRg8y23BS7Gn4JOpBA&oe=6831D44F&_nc_sid=6ff7c8
thebeaglewinter,https://scontent-lim1-1.cdninstagram.com/v/t51.2885-19/426438468_1129187198237258_3270177834823472713_n.jpg?stp=dst-jpg_s150x150_tt6&_nc_ht=scontent-lim1-1.cdninstagram.com&_nc_cat=102&_nc_oc=Q6cZ2QH9Kw8FB3FOiMSmR-mc_FV2fUP3hko7qNYZOgRlAjn0_RYESyX5p4383IkmbjS6Dss&_nc_ohc=ohLx-gSigRYQ7kNvwH_tS3d&_nc_gid=1EeX0aCI2T1jdBnyvF8HlA&edm=APQMUHMBAAAA&ccb=7-5&oh=00_AfJAGvJvEafyBLkAKu1KZIMgnZ78pmykVP1tXz_YuHcbcw&oe=6831D5B7&_nc_sid=6ff7c8
giorgostsolkas,https://scontent-lim1-1.cdninstagram.com/v/t51.2885-19/445528264_958032429107158_1245900042199894890_n.jpg?stp=dst-jpg_s150x150_tt6&_nc_ht=scontent-lim1-1.cdninstagram.com&_nc_cat=110&_nc_oc=Q6cZ2QH_eLhTudFRsvqhxWXwQNcjQNRvmZpH2qOCxpJaKIPLqUMEvIYdWvfpnTc-UkhAuTQ&_nc_ohc=VKM2e6r1KkIQ7kNvwHqXWlt&_nc_gid=o923GQmeYzdHWXMeRZniSA&edm=APQMUHMBAAAA&ccb=7-5&oh=00_AfLbYI9Ko7-ZL1z66fXaJ5ubE_odrpLh37b57wGQUC7CdQ&oe=6831CD98&_nc_sid=6ff7c8
brenda.gj,https://scontent-lim1-1.cdninstagram.com/v/t51.2885-19/468388824_871619265144520_8267910100577076216_n.jpg?stp=dst-jpg_s150x150_tt6&_nc_ht=scontent-lim1-1.cdninstagram.com&_nc_cat=104&_nc_oc=Q6cZ2QH9Kw8FB3FOiMSmR-mc_FV2fUP3hko7qNYZOgRlAjn0_RYESyX5p4383IkmbjS6Dss&_nc_ohc=1h9yteZFlTAQ7kNvwF9U5QE&_nc_gid=1EeX0aCI2T1jdBnyvF8HlA&edm=APQMUHMBAAAA&ccb=7-5&oh=00_AfIBNohDNAuz3aSfZsT-8BDVg_OsQkpx-04OMTTJehQhLg&oe=6831F5B4&_nc_sid=6ff7c8
gabrin05,https://scontent-lim1-1.cdninstagram.com/v/t51.2885-19/324127441_1899033090438365_5306501920272500572_n.jpg?stp=dst-jpg_s150x150_tt6&_nc_ht=scontent-lim1-1.cdninstagram.com&_nc_cat=105&_nc_oc=Q6cZ2QH9Kw8FB3FOiMSmR-mc_FV2fUP3hko7qNYZOgRlAjn0_RYESyX5p4383IkmbjS6Dss&_nc_ohc=Td3pCFcFIBMQ7kNvwHxASC-&_nc_gid=1EeX0aCI2T1jdBnyvF8HlA&edm=APQMUHMBAAAA&ccb=7-5&oh=00_AfJoRNw-cBzh_aAI-UgDNRdMkTTiXcjMHwCcH7Npg1CQZw&oe=6831F50E&_nc_sid=6ff7c8
tania18_martinez,https://scontent-lim1-1.cdninstagram.com/v/t51.2885-19/482167051_1018774523638510_5919437015781722864_n.jpg?stp=dst-jpg_s150x150_tt6&_nc_ht=scontent-lim1-1.cdninstagram.com&_nc_cat=110&_nc_oc=Q6cZ2QH9Kw8FB3FOiMSmR-mc_FV2fUP3hko7qNYZOgRlAjn0_RYESyX5p4383IkmbjS6Dss&_nc_ohc=qWw02567rSEQ7kNvwHAdU4r&_nc_gid=1EeX0aCI2T1jdBnyvF8HlA&edm=APQMUHMBAAAA&ccb=7-5&oh=00_AfKJ5EGYkJbS2Lin5rUNummOYSo2m07gfNL-EpxdpMMo1w&oe=6831F112&_nc_sid=6ff7c8
aleexa.sanz,https://scontent-lim1-1.cdninstagram.com/v/t51.2885-19/488497705_646661014943671_8750457333779582228_n.jpg?stp=dst-jpg_s150x150_tt6&_nc_ht=scontent-lim1-1.cdninstagram.com&_nc_cat=107&_nc_oc=Q6cZ2QH9Kw8FB3FOiMSmR-mc_FV2fUP3hko7qNYZOgRlAjn0_RYESyX5p4383IkmbjS6Dss&_nc_ohc=CIr20ASDxngQ7kNvwEyBKEf&_nc_gid=1EeX0aCI2T1jdBnyvF8HlA&edm=APQMUHMBAAAA&ccb=7-5&oh=00_AfI2J1-iWl7g3qU-_xRe2DND6ugCtA-e5-G71YYG0y3UWA&oe=6831E2D1&_nc_sid=6ff7c8
queens_lives,https://scontent-lim1-1.cdninstagram.com/v/t51.2885-19/116908870_311934580172243_6494098232780089230_n.jpg?stp=dst-jpg_s150x150_tt6&_nc_ht=scontent-lim1-1.cdninstagram.com&_nc_cat=111&_nc_oc=Q6cZ2QH9Kw8FB3FOiMSmR-mc_FV2fUP3hko7qNYZOgRlAjn0_RYESyX5p4383IkmbjS6Dss&_nc_ohc=OfCJusTYaZQQ7kNvwEVkNTx&_nc_gid=1EeX0aCI2T1jdBnyvF8HlA&edm=APQMUHMBAAAA&ccb=7-5&oh=00_AfJbIkSVEb-TdpR4cf93u4ltMCjSpEnyWTG2WNjA_qDtWQ&oe=6831F6BD&_nc_sid=6ff7c8
larga.larga,https://scontent-lim1-1.cdninstagram.com/v/t51.2885-19/462681382_516646371293002_4023412790816648629_n.jpg?stp=dst-jpg_s150x150_tt6&_nc_ht=scontent-lim1-1.cdninstagram.com&_nc_cat=110&_nc_oc=Q6cZ2QH9Kw8FB3FOiMSmR-mc_FV2fUP3hko7qNYZOgRlAjn0_RYESyX5p4383IkmbjS6Dss&_nc_ohc=aMi3uFrexu8Q7kNvwF6CvLO&_nc_gid=1EeX0aCI2T1jdBnyvF8HlA&edm=APQMUHMBAAAA&ccb=7-5&oh=00_AfJUtx68ZKuDLJexQQQuOvdgD3iu1Bp11s7nlpIOjpE-Ug&oe=6831D6B6&_nc_sid=6ff7c8
ledicenaylin,https://scontent-lim1-1.cdninstagram.com/v/t51.2885-19/497609772_18408686266098495_3337939713551493022_n.jpg?stp=dst-jpg_s150x150_tt6&_nc_ht=scontent-lim1-1.cdninstagram.com&_nc_cat=103&_nc_oc=Q6cZ2QH9Kw8FB3FOiMSmR-mc_FV2fUP3hko7qNYZOgRlAjn0_RYESyX5p4383IkmbjS6Dss&_nc_ohc=lGxMfw5ih9wQ7kNvwE19y-t&_nc_gid=1EeX0aCI2T1jdBnyvF8HlA&edm=APQMUHMBAAAA&ccb=7-5&oh=00_AfJ9HHT_xiHGdk_OvV19v1l94hB-hZdabAeeQ5_eAye0OQ&oe=6831D7D7&_nc_sid=6ff7c8
fallen_playboy,https://scontent-lim1-1.cdninstagram.com/v/t51.2885-19/409326566_374019658473897_5123456119022524927_n.jpg?stp=dst-jpg_s150x150_tt6&_nc_ht=scontent-lim1-1.cdninstagram.com&_nc_cat=109&_nc_oc=Q6cZ2QH9Kw8FB3FOiMSmR-mc_FV2fUP3hko7qNYZOgRlAjn0_RYESyX5p4383IkmbjS6Dss&_nc_ohc=Hn9TW_SIvqcQ7kNvwHZ9yNV&_nc_gid=1EeX0aCI2T1jdBnyvF8HlA&edm=APQMUHMBAAAA&ccb=7-5&oh=00_AfIM80r5eVXJup5BXXbDVPOCoq3cisBbJ7qM8mCMBfH-pA&oe=6831DDFA&_nc_sid=6ff7c8
